split,duplicate_group,group_size,document_id,source_row,class_index,category,title,description
train,1,2,AGN-TRAIN-042967,42967,1,world,'American Taliban' Seeks Commuted Sentence,"SAN FRANCISCO - John Walker Lindh asked President Bush on Tuesday to commute his 20-year prison sentence for aiding the Taliban. His lawyer, James Brosnahan, said that Lindh was fighting alongside the Taliban in a civil war against the Northern Alliance, that he is not a terrorist and that he never fought against U.S..."
train,1,2,AGN-TRAIN-043232,43232,1,world,'American Taliban' Seeks Commuted Sentence,"SAN FRANCISCO - John Walker Lindh asked President Bush on Tuesday to commute his 20-year prison sentence for aiding the Taliban. His lawyer, James Brosnahan, said that Lindh was fighting alongside the Taliban in a civil war against the Northern Alliance, that he is not a terrorist and that he never fought against U.S..."
train,2,2,AGN-TRAIN-039463,39463,1,world,Al-Qaida Aims to Disrupt Afghan Elections,"KABUL, Afghanistan - U.S.-led forces trying to protect landmark Afghan elections face a rising wave of violence from about 2,000 insurgents, including al-Qaida militants slipping in from Pakistan, an American general said Saturday. In the latest bloodshed, Afghan police said suspected Taliban gunmen killed nine militia soldiers in two attacks on checkpoints in a troubled southern province..."
train,2,2,AGN-TRAIN-039719,39719,1,world,al-Qaida Aims to Disrupt Afghan Elections,"KABUL, Afghanistan - U.S.-led forces trying to protect landmark Afghan elections face a rising wave of violence from about 2,000 insurgents, including al-Qaida militants slipping in from Pakistan, an American general said Saturday. In the latest bloodshed, Afghan police said suspected Taliban gunmen killed nine militia soldiers in two attacks on checkpoints in a troubled southern province..."
train,3,2,AGN-TRAIN-025848,25848,1,world,Australians 'kidnapped' in Iraq,Australia is investigating reports that two of its citizens have been taken hostage by militants in Iraq.
train,3,2,AGN-TRAIN-025956,25956,1,world,Australians 'kidnapped' in Iraq,Australia is investigating reports that two of its citizens have been taken hostage by militants in Iraq.
train,4,2,AGN-TRAIN-001936,1936,1,world,Blast in Gaza Home of Hamas Man Kills 4 - Medics,"GAZA (Reuters) - An explosion tore through the home of a senior Hamas militant in Gaza on Wednesday, killing at least four people and wounding him and about a dozen other Palestinians, medics said."
train,4,2,AGN-TRAIN-001966,1966,1,world,Blast in Gaza Home of Hamas Man Kills 4 - Medics,"GAZA (Reuters) - An explosion tore through the home of a senior Hamas militant in Gaza on Wednesday, killing at least four people and wounding him and about a dozen other Palestinians, medics said."
train,5,2,AGN-TRAIN-005310,5310,1,world,IRS: Rose Owes Nearly \$1M in Unpaid Taxes,"MIAMI - Pete Rose is back in trouble with the Internal Revenue Service, which says the baseball great owes nearly \$1 million in unpaid taxes. The IRS filed a federal tax lien in Broward County on Tuesday alleging that baseball's all-time hits king owes \$973,693.28 in back taxes from 1997 to 2002..."
train,5,2,AGN-TRAIN-005344,5344,1,world,IRS: Rose Owes Nearly \$1M in Unpaid Taxes,"MIAMI - Pete Rose is back in trouble with the Internal Revenue Service, which says the baseball great owes nearly \$1 million in unpaid taxes. The IRS filed a federal tax lien in Broward County on Tuesday alleging that baseball's all-time hits king owes \$973,693.28 in back taxes from 1997 to 2002..."
train,6,2,AGN-TRAIN-005019,5019,1,world,Japan Court Ex-Chess Champ Fischer Can Be Deported,"TOKYO (Reuters) - A Tokyo court on Friday rejected a request by former world chess champion Bobby Fischer to have Japanese authorities halt procedures to deport him, Kyodo news agency reported."
train,6,2,AGN-TRAIN-005057,5057,1,world,Japan Court Ex-Chess Champ Fischer Can Be Deported,"TOKYO (Reuters) - A Tokyo court on Friday rejected a request by former world chess champion Bobby Fischer to have Japanese authorities halt procedures to deport him, Kyodo news agency reported."
train,7,2,AGN-TRAIN-005068,5068,1,world,Japan Court: Bobby Fischer Can Be Deported,"TOKYO (Reuters) - A Tokyo court on Friday rejected a request by former world chess champion Bobby Fischer to have the Japanese authorities halt procedures to deport him, his lawyer said."
train,7,2,AGN-TRAIN-005109,5109,1,world,Japan Court: Bobby Fischer Can Be Deported,"TOKYO (Reuters) - A Tokyo court on Friday rejected a request by former world chess champion Bobby Fischer to have the Japanese authorities halt procedures to deport him, his lawyer said."
train,8,2,AGN-TRAIN-043824,43824,1,world,Official: MLB to Move Expos to Washington,"WASHINGTON - Richard Nixon was president and man was still making trips to the moon the last time the word ""Washington"" appeared in the major league baseball standings. On Opening Day, April 4, 2005, look for the nation's capital to return..."
train,8,2,AGN-TRAIN-043896,43896,1,world,Official: MLB to Move Expos to Washington,"WASHINGTON - Richard Nixon was president and man was still making trips to the moon the last time the word ""Washington"" appeared in the major league baseball standings. On Opening Day, April 4, 2005, look for the nation's capital to return..."
train,9,2,AGN-TRAIN-004988,4988,1,world,Peres demands early Israeli elections,"Israel #39;s opposition leader, Shimon Peres, today called for early elections that would effectively rule his party out of joining a coalition to prop up the prime minister, Ariel Sharon."
train,9,2,AGN-TRAIN-006405,6405,1,world,Peres demands early Israeli elections,"Israel #39;s opposition leader, Shimon Peres, today called for early elections that would effectively rule his party out of joining a coalition to prop up the prime minister, Ariel Sharon."
train,10,2,AGN-TRAIN-000534,534,1,world,"Phelps, Thorpe Advance in 200 Freestyle","ATHENS, Greece - Michael Phelps took care of qualifying for the Olympic 200-meter freestyle semifinals Sunday, and then found out he had been added to the American team for the evening's 400 freestyle relay final. Phelps' rivals Ian Thorpe and Pieter van den Hoogenband and teammate Klete Keller were faster than the teenager in the 200 free preliminaries..."
train,10,2,AGN-TRAIN-000538,538,1,world,"Phelps, Thorpe Advance in 200 Freestyle","ATHENS, Greece - Michael Phelps took care of qualifying for the Olympic 200-meter freestyle semifinals Sunday, and then found out he had been added to the American team for the evening's 400 freestyle relay final. Phelps' rivals Ian Thorpe and Pieter van den Hoogenband and teammate Klete Keller were faster than the teenager in the 200 free preliminaries..."
train,11,2,AGN-TRAIN-023171,23171,1,world,Ritter Family Files Wrongful Death Suit,"LOS ANGELES - The family of John Ritter has sued a Burbank hospital, accusing it of negligence in the death of the 54-year-old actor. Ritter's wife Amy Yasbeck and his four children, including actor Jason Ritter, filed the wrongful death suit in Los Angeles County Superior Court on Sept..."
train,11,2,AGN-TRAIN-023301,23301,1,world,Ritter Family Files Wrongful Death Suit,"LOS ANGELES - The family of John Ritter has sued a Burbank hospital, accusing it of negligence in the death of the 54-year-old actor. Ritter's wife Amy Yasbeck and his four children, including actor Jason Ritter, filed the wrongful death suit in Los Angeles County Superior Court on Sept..."
train,12,2,AGN-TRAIN-001553,1553,1,world,"Sharon Allows 1,000 More Settler Homes in West Bank","JERUSALEM (Reuters) - Prime Minister Ariel Sharon approved tenders to build 1,000 more Israeli settler homes in the occupied West Bank, plans that were shelved earlier to avoid discord with Washington, political sources said Tuesday."
train,12,2,AGN-TRAIN-001569,1569,1,world,"Sharon Allows 1,000 More Settler Homes in West Bank","JERUSALEM (Reuters) - Prime Minister Ariel Sharon approved tenders to build 1,000 more Israeli settler homes in the occupied West Bank, plans that were shelved earlier to avoid discord with Washington, political sources said Tuesday."
train,13,2,AGN-TRAIN-014750,14750,1,world,Sharon to Present Gaza Timetable to Mutinous Party,JERUSALEM (Reuters) - Israeli Prime Minister Ariel Sharon intends to present a timetable for withdrawal from Gaza to lawmakers from his Likud party Tuesday despite a mutiny in the right-wing bloc over the plan.
train,13,2,AGN-TRAIN-014805,14805,1,world,Sharon to Present Gaza Timetable to Mutinous Party,JERUSALEM (Reuters) - Israeli Prime Minister Ariel Sharon intends to present a timetable for withdrawal from Gaza to lawmakers from his Likud Party Tuesday despite a mutiny in the right-wing bloc over the plan.
train,14,2,AGN-TRAIN-086838,86838,1,world,Thousands in Kashmir protest alleged rape,Police in Kashmir fired tear gas and used batons Wednesday to disperse thousands of people protesting the alleged rape of a woman and her daughter by soldiers.
train,14,2,AGN-TRAIN-087770,87770,1,world,Thousands in Kashmir Protest Alleged Rape,Police in Kashmir fired tear gas and used batons Wednesday to disperse thousands of people protesting the alleged rape of a woman and her daughter by soldiers.
train,15,2,AGN-TRAIN-076740,76740,2,sports,Agassi advances,Andre Agassi advanced to the quarter-finals of the Stockholm Open with a comfortable 6-3 6-4 victory over 1997 champion Jonas Bjorkman of Sweden.
train,15,2,AGN-TRAIN-076999,76999,2,sports,AGASSI ADVANCES,Andre Agassi advanced to the quarter-finals of the Stockholm Open with a comfortable 6-3 6-4 victory over 1997 champion Jonas Bjorkman of Sweden.
train,16,2,AGN-TRAIN-003513,3513,2,sports,AL Wrap: Santana Solid on Mound as Twins Beat Yankees,"NEW YORK (Reuters) - Johan Santana pitched seven strong innings to win his fifth straight start and Shannon Stewart homered, had three hits and two RBI to lead the Minnesota Twins to a 7-2 home win over the New York Yankees."
train,16,2,AGN-TRAIN-003551,3551,2,sports,AL Wrap: Santana Solid on Mound as Twins Beat Yankees,"NEW YORK (Reuters) - Johan Santana pitched seven strong innings to win his fifth straight start and Shannon Stewart homered, had three hits and two RBI to lead the Minnesota Twins to a 7-2 home win over the New York Yankees."
train,17,2,AGN-TRAIN-012987,12987,2,sports,Birgit Fischer wins second medal in kayak,"Birgit Fischer settled for silver, leaving the 42-year-old Olympian with two medals in two days against decidedly younger competition."
train,17,2,AGN-TRAIN-013108,13108,2,sports,Birgit Fischer Wins Second Medal in Kayak,"Birgit Fischer settled for silver, leaving the 42-year-old Olympian with two medals in two days against decidedly younger competition."
train,18,2,AGN-TRAIN-047828,47828,2,sports,Brock Berlin Guides Miami (Fla.) Past Georgia Tech,ATLANTA (Sports Network) - Brock Berlin threw a career-high three touchdown passes to lead No. 4 Miami-Florida to an easy 27-3 win over Georgia Tech in ACC action at Bobby Dodd Stadium.
train,18,2,AGN-TRAIN-047842,47842,2,sports,Brock Berlin Guides Miami (Fla.) Past Georgia Tech,ATLANTA (Sports Network) - Brock Berlin threw a career-high three touchdown passes to lead No. 4 Miami-Florida to an easy 27-3 win over Georgia Tech in ACC action at Bobby Dodd Stadium.
train,19,2,AGN-TRAIN-104794,104794,2,sports,"College Basketball: Kansas, Oklahoma State Win","LAWRENCE, Kan. (Sports Network) - Wayne Simien scored 14 points with 10 rebounds to lead No. 2 Kansas over Nevada, 85-52, at Allen Fieldhouse."
train,19,2,AGN-TRAIN-104812,104812,2,sports,"College Basketball: Kansas, Oklahoma State Win","LAWRENCE, Kan. (Sports Network) - Wayne Simien scored 14 points with 10 rebounds to lead No. 2 Kansas over Nevada, 85-52, at Allen Fieldhouse."
train,20,2,AGN-TRAIN-003941,3941,2,sports,Doping Casts Shadow Over Olympics -- Again,"ATHENS (Reuters) - Five weightlifters were banned from the Olympics after failing drugs tests, officials said on Thursday, as doping scandals continued to dominate the first week of the Games."
train,20,2,AGN-TRAIN-003957,3957,2,sports,Doping Casts Shadow Over Olympics -- Again,"ATHENS (Reuters) - Five weightlifters were banned from the Olympics after failing drugs tests, officials said on Thursday, as doping scandals continued to dominate the first week of the Games."
train,21,2,AGN-TRAIN-050639,50639,2,sports,Earnhardt Bounced from Top Spot in NASCAR Standings,"DAYTONA BEACH, Florida (Sports Network) - NASCAR driver Dale Earnhardt Jr. has been fined \$10,000 for cursing during a TV interview following his win at Talladega Superspeedway."
train,21,2,AGN-TRAIN-050730,50730,2,sports,Earnhardt Bounced from Top Spot in NASCAR Standings,"DAYTONA BEACH, Florida (Sports Network) - NASCAR driver Dale Earnhardt Jr. has been fined \$10,000 for cursing during a TV interview following his win at Talladega Superspeedway."
train,22,2,AGN-TRAIN-051364,51364,2,sports,Earnhardt Fined for Checkered Language,"Dale Earnhardt Jr. cursed on a nationally televised Nascar broadcast on Sunday, and it cost him the lead in a close race for the Nextel Cup drivers championship."
train,22,2,AGN-TRAIN-051599,51599,2,sports,Earnhardt fined for checkered language,"Dale Earnhardt Jr. cursed on a nationally televised NASCAR broadcast on Sunday, and it cost him the lead in a close race for the Nextel Cup drivers championship."
train,23,2,AGN-TRAIN-083427,83427,2,sports,Fifth-Ranked Wisconsin Beats Minnesota,"MADISON, Wisconsin (Sports Network) - John Stocco ran for two touchdowns and threw for another score to lead fifth-ranked Wisconsin to a 38-14 win over Minnesota in the Big Ten Conference at Camp Randall Stadium."
train,23,2,AGN-TRAIN-083434,83434,2,sports,Fifth-Ranked Wisconsin Beats Minnesota,"MADISON, Wisconsin (Sports Network) - John Stocco ran for two touchdowns and threw for another score to lead fifth-ranked Wisconsin to a 38-14 win over Minnesota in the Big Ten Conference at Camp Randall Stadium."
train,24,2,AGN-TRAIN-072205,72205,2,sports,Fish beats Hernych at St. Petersburg,"Olympic silver medalist Mardy Fish beat Jan Hernych of the Czech Republic 6-2, 6-4 Monday to reach the second round of the St. Petersburg Open."
train,24,2,AGN-TRAIN-073022,73022,2,sports,Fish Beats Hernych at St. Petersburg,"Olympic silver medalist Mardy Fish beat Jan Hernych of the Czech Republic 6-2, 6-4 Monday to reach the second round of the St. Petersburg Open."
train,25,2,AGN-TRAIN-053877,53877,2,sports,Furcal shows no leniency for Astros,"Rafael Furcal could be in jail. Instead, he was at Turner Field on Thursday sparking an Atlanta Braves team desperate to avoid another October meltdown."
train,25,2,AGN-TRAIN-053904,53904,2,sports,Furcal Shows No Leniency for Astros,"Rafael Furcal could be in jail. Instead, he was at Turner Field on Thursday sparking an Atlanta Braves team desperate to avoid another October meltdown."
train,26,2,AGN-TRAIN-004943,4943,2,sports,Judge Maintains Peirsol Broke Rules,ATHENS (Reuters) - The swimming judge who disqualified gold medal winner Aaron Peirsol at the Athens Olympics is standing by his claim that the American backstroker broke the rules.
train,26,2,AGN-TRAIN-004955,4955,2,sports,Judge Maintains Peirsol Broke Rules,ATHENS (Reuters) - The swimming judge who disqualified gold medal winner Aaron Peirsol at the Athens Olympics is standing by his claim that the American backstroker broke the rules.
train,27,2,AGN-TRAIN-001593,1593,2,sports,Medical Examiner Finds No Injuries on Thanou-Source,"ATHENS (Reuters) - A medical examiner has found that Greek sprinter Katerina Thanou, who was in hospital with fellow athlete Costas Kenteris, had no injuries, a judicial source said on Tuesday."
train,27,2,AGN-TRAIN-001618,1618,2,sports,Medical Examiner Finds No Injuries on Thanou-Source,"ATHENS (Reuters) - A medical examiner has found that Greek sprinter Katerina Thanou, who was in hospital with fellow athlete Costas Kenteris, had no injuries, a judicial source said on Tuesday."
train,28,2,AGN-TRAIN-065293,65293,2,sports,Mourinho Confident over Strike Duo,Jose Mourinho believes he has enough firepower in Eidur Gudjohnsen and Mateja Kezman to see off the challenge of CSKA Moscow in the Champions League at Stamford Bridge.
train,28,2,AGN-TRAIN-065383,65383,2,sports,MOURINHO CONFIDENT OVER STRIKE DUO,Jose Mourinho believes he has enough firepower in Eidur Gudjohnsen and Mateja Kezman to see off the challenge of CSKA Moscow in the Champions League at Stamford Bridge.
train,29,2,AGN-TRAIN-085324,85324,2,sports,NBA Wrap: Mavericks Come Back to Beat Golden State,DALLAS (Sports Network) - Dirk Nowitzki scored 25 points and grabbed 10 rebounds as the Dallas Mavericks overcame an early 17-point deficit for a 101-98 overtime victory against Golden State at American Airlines Center.
train,29,2,AGN-TRAIN-085356,85356,2,sports,NBA Wrap: Mavericks Come Back to Beat Golden State,DALLAS (Sports Network) - Dirk Nowitzki scored 25 points and grabbed 10 rebounds as the Dallas Mavericks overcame an early 17-point deficit for a 101-98 overtime victory against Golden State at American Airlines Center.
train,30,2,AGN-TRAIN-004391,4391,2,sports,"NL Wrap: Maddux, Sosa Help Cubs Beat Brewers",NEW YORK (Reuters) - Greg Maddux overcame a shaky start to post his 301st career win while Sammy Sosa hit his 566th career home run as the Chicago Cubs beat the Milwaukee Brewers 9-6 in Milwaukee Thursday.
train,30,2,AGN-TRAIN-004406,4406,2,sports,"NL Wrap: Maddux, Sosa Help Cubs Beat Brewers",NEW YORK (Reuters) - Greg Maddux overcame a shaky start to post his 301st career win while Sammy Sosa hit his 566th career home run as the Chicago Cubs beat the Milwaukee Brewers 9-6 in Milwaukee Thursday.
train,31,2,AGN-TRAIN-002257,2257,2,sports,NL Wrap: Walker Grand Slam Helps Cards Beat Reds Again,NEW YORK (Reuters) - Larry Walker hit a grand slam home run to key a six-run eighth inning as the Cardinals stayed hot with a 7-2 win over the Cincinnati Reds in St Louis on Tuesday.
train,31,2,AGN-TRAIN-002271,2271,2,sports,NL Wrap: Walker Grand Slam Helps Cards Beat Reds Again,NEW YORK (Reuters) - Larry Walker hit a grand slam home run to key a six-run eighth inning as the Cardinals stayed hot with a 7-2 win over the Cincinnati Reds in St Louis on Tuesday.
train,32,2,AGN-TRAIN-024682,24682,2,sports,Notre Dame Upsets No. 8 Michigan,"SOUTH BEND, Indiana (Sports Network) - True freshman Darius Walker ran for 115 yards and a pair of fourth-quarter touchdowns, leading Notre Dame to a 28-20 victory over eighth-ranked Michigan at Notre Dame Stadium."
train,32,2,AGN-TRAIN-024716,24716,2,sports,Notre Dame Upsets No. 8 Michigan,"SOUTH BEND, Indiana (Sports Network) - True freshman Darius Walker ran for 115 yards and a pair of fourth-quarter touchdowns, leading Notre Dame to a 28-20 victory over eighth-ranked Michigan at Notre Dame Stadium."
train,33,2,AGN-TRAIN-069880,69880,2,sports,Ohio State Routs Indiana,"COLUMBUS, Ohio (Sports Network) - Troy Smith threw for 161 yards and two touchdowns, leading the Ohio State Buckeyes to a commanding 30-7 victory over the Indiana Hoosiers in Big Ten action from Ohio Stadium."
train,33,2,AGN-TRAIN-069906,69906,2,sports,Ohio State Routs Indiana,"COLUMBUS, Ohio (Sports Network) - Troy Smith threw for 161 yards and two touchdowns, leading the Ohio State Buckeyes to a commanding 30-7 victory over the Indiana Hoosiers in Big Ten action from Ohio Stadium."
train,34,2,AGN-TRAIN-032101,32101,2,sports,"Pouring It On, Yanks Cool Off Sox","With the offense rumbling and Jon Lieber in command, the Yankees walloped Boston at misty, wind-whipped Yankee Stadium."
train,34,2,AGN-TRAIN-032213,32213,2,sports,"Pouring It on, Yanks Cool Off Sox","With the offense rumbling and Jon Lieber in command, the Yankees walloped Boston at misty, wind-whipped Yankee Stadium."
train,35,2,AGN-TRAIN-031344,31344,2,sports,Rangers Reliever Francisco Suspended for Season,NEW YORK (Sports Network) - Texas Rangers relief pitcher Frank Francisco was suspended for the rest of the 2004 season Friday by Major League Baseball after tossing a chair into the stands and hitting two fans in the head earlier this week.
train,35,2,AGN-TRAIN-031358,31358,2,sports,Rangers Reliever Francisco Suspended for Season,NEW YORK (Sports Network) - Texas Rangers relief pitcher Frank Francisco was suspended for the rest of the 2004 season Friday by Major League Baseball after tossing a chair into the stands and hitting two fans in the head earlier this week.
train,36,2,AGN-TRAIN-062806,62806,2,sports,Relentless Els Seals Record Sixth Match Play Title,"VIRGINIA WATER, England (Reuters) - Ernie Els beat Lee Westwood 2 1 in a gripping final at Wentworth Sunday to win a record sixth World Match Play Championship and claim the biggest first prize in golf."
train,36,2,AGN-TRAIN-062903,62903,2,sports,Relentless Els Seals Record Sixth Match Play Title,"VIRGINIA WATER, England (Reuters) - Ernie Els beat Lee Westwood 2 1 in a gripping final at Wentworth Sunday to win a record sixth World Match Play Championship and claim the biggest first Prize in golf."
train,37,2,AGN-TRAIN-090655,90655,2,sports,Top-Ranked USC Beats UCLA to Finished Season Undefeated,"LOS ANGELES (Sports Network) - Reggie Bush ran for 204 yards and a pair of long touchdowns as No. 1 Southern California edged UCLA, 29-24, in a regular season-ending Pac-10 showdown between cross-town rivals at the Rose Bowl."
train,37,2,AGN-TRAIN-091123,91123,2,sports,Top-Ranked USC Beats UCLA to Finished Season Undefeated,"LOS ANGELES (Sports Network) - Reggie Bush ran for 204 yards and a pair of long touchdowns as No. 1 Southern California edged UCLA, 29-24, in a regular season-ending Pac-10 showdown between cross-town rivals at the Rose Bowl."
train,38,2,AGN-TRAIN-107417,107417,3,business,3 Former KMart Execs Charged with Fraud,WASHINGTON (Reuters) - Three former Kmart executives and representatives of several major vendors were charged on Thursday with fraudulently accounting for \$24 million of profit before the retailer filed for bankruptcy in 2002.
train,38,2,AGN-TRAIN-107523,107523,3,business,3 Former Kmart Execs Charged with Fraud,WASHINGTON (Reuters) - Three former Kmart executives and representatives of several major vendors were charged on Thursday with fraudulently accounting for \$24 million of profit before the retailer filed for bankruptcy in 2002.
train,39,2,AGN-TRAIN-005485,5485,3,business,Airways pilots extend talks,"Pilots for US Airways are continuing to negotiate this weekend over the Arlington airline #39;s demand for a 16.5 percent pay cut, despite a warning from management that negotiations should have concluded yesterday."
train,39,2,AGN-TRAIN-005909,5909,3,business,Airways pilots extend talks,"Pilots for US Airways are continuing to negotiate this weekend over the Arlington airline #39;s demand for a 16.5 percent pay cut, despite a warning from management that negotiations should have concluded yesterday."
train,40,2,AGN-TRAIN-037993,37993,3,business,Bank of America bases unit in Hub,Bank of America Corp. confirmed yesterday it will locate its wealth management division in Boston and said it will move about 100 high-level jobs here.
train,40,2,AGN-TRAIN-038059,38059,3,business,Bank of America bases unit in Hub,Bank of America Corp. confirmed yesterday it will locate its wealth management division in Boston and said it will move about 100 high-level jobs here.
train,41,2,AGN-TRAIN-037314,37314,3,business,"Blue Chips Drop, Oil Reaches \$49 a Barrel",NEW YORK (Reuters) - U.S. blue-chip stocks fell on Thursday and crude oil prices touched \$49 a barrel as traders saw a possible oil loan from U.S. government reserves as too small to make up for supply disruptions caused by Hurricane Ivan.
train,41,2,AGN-TRAIN-037375,37375,3,business,"Blue Chips Drop, Oil Reaches \$49 a Barrel",NEW YORK (Reuters) - U.S. blue-chip stocks fell on Thursday and crude oil prices touched \$49 a barrel as traders saw a possible oil loan from U.S. government reserves as too small to make up for supply disruptions caused by Hurricane Ivan.
train,42,2,AGN-TRAIN-108781,108781,3,business,Boeing Changes Management in Key Division,"Boeing Co. changed management of its commercial aircraft division yesterday, replacing the head of the sales team after losing several competitions to its European rival Airbus SAS."
train,42,2,AGN-TRAIN-109018,109018,3,business,Boeing Changes Management in Key Division,"Boeing Co. changed management of its commercial aircraft division yesterday, replacing the head of the sales team after losing several competitions to its European rival Airbus SAS."
train,43,2,AGN-TRAIN-005135,5135,3,business,Dollar Up Vs. Most Except Yen,"NEW YORK (Reuters) - The dollar rose against almost every one of its main counterparts except the yen on Friday, as technically focused investors shifted positions and considered the implications of spiking oil prices."
train,43,2,AGN-TRAIN-005161,5161,3,business,Dollar Up Vs. Most Except Yen,"NEW YORK (Reuters) - The dollar rose against almost every one of its main counterparts except the yen on Friday, as technically focused investors shifted positions and considered the implications of spiking oil prices."
train,44,2,AGN-TRAIN-094479,94479,3,business,"Dulles, BWI Consider Security Shift",Officials at Dulles International and Baltimore-Washington International airports said they are considering the replacement of federal airport screeners at security checkpoints with workers employed by private contractors.
train,44,2,AGN-TRAIN-094518,94518,3,business,"Dulles, BWI Consider Security Shift",Officials at Dulles International and Baltimore-Washington International airports said they are considering the replacement of federal airport screeners at security checkpoints with workers employed by private contractors.
train,45,2,AGN-TRAIN-005288,5288,3,business,Fact and Comment (Forbes.com),"Forbes.com - The news from Iran is grim. This islamic dictatorship--the biggest source of terrorist training and financing in the world and the nation that's doing all it can to stir up trouble in already combustible Iraq--is clearly on the cusp of becoming a nuclear power. The clerical fascists running the country have dropped just about all pretense of their atomic programs being energy-related only. Tehran announced in July that it had resumed making the centrifuges needed to produce highly enriched uranium, a key ingredient for nuclear bombs. ..."
train,45,2,AGN-TRAIN-009267,9267,3,business,Fact and Comment (Forbes.com),"Forbes.com - The news from Iran is grim. This Islamic dictatorship--the biggest source of terrorist training and financing in the world and the nation that's doing all it can to stir up trouble in already combustible Iraq--is clearly on the cusp of becoming a nuclear power. The clerical fascists running the country have dropped just about all pretense of their atomic programs being energy-related only. Tehran announced in July that it had resumed making the centrifuges needed to produce highly enriched uranium, a key ingredient for nuclear bombs. ..."
train,46,2,AGN-TRAIN-002112,2112,3,business,"Fall Season Looks Solid for Retailers, But Holidays Could Be Another Story","Against a background of lackluster retail sales in June and July, analysts and merchants still predict a decent, possibly strong, fall selling season for clothes, accessories and home furnishings."
train,46,2,AGN-TRAIN-002219,2219,3,business,"Fall Season Looks Solid for Retailers, but Holidays Could Be Another Story","Against a background of lackluster retail sales in June and July, analysts and merchants still predict a decent, possibly strong, fall selling season for clothes, accessories and home furnishings."
train,47,2,AGN-TRAIN-052589,52589,3,business,"Finally, a Boeing-Airbus Showdown",The European jetmaker has long skirted subsidy rules. Now Washington #39;s WTO complaint will drag that abuse into the light of day.
train,47,2,AGN-TRAIN-053306,53306,3,business,"Finally, A Boeing-Airbus Showdown",The European Jetmaker Has Long Skirted Subsidy Rules. Now Washington #39;s WTO Complaint Will Drag That Abuse Into The Light Of Day.
train,48,2,AGN-TRAIN-093192,93192,3,business,GM to Close Van Factory In Baltimore,"General Motors Corp. said yesterday that it will shut its 70-year-old van factory in southeast Baltimore next year, confirming a closure that some 1,100 workers have long expected but that state officials had hoped to stave off."
train,48,2,AGN-TRAIN-093256,93256,3,business,GM to Close Van Factory In Baltimore,"General Motors Corp. said yesterday that it will shut its 70-year-old van factory in southeast Baltimore next year, confirming a closure that some 1,100 workers have long expected but that state officials had hoped to stave off."
train,49,2,AGN-TRAIN-004545,4545,3,business,Google Up in Market Debut After Bumpy IPO,"NEW YORK/SEATTLE (Reuters) - Google Inc. shares jumped 18 percent in their long-awaited stock market debut on Thursday, after a scaled-down \$1.67 billion IPO marked by missteps and lackluster market conditions."
train,49,2,AGN-TRAIN-004551,4551,3,business,Google Up in Market Debut After Bumpy IPO,"NEW YORK/SEATTLE (Reuters) - Google Inc. shares jumped 18 percent in their long-awaited stock market debut on Thursday, after a scaled-down \$1.67 billion IPO marked by missteps and lackluster market conditions."
train,50,2,AGN-TRAIN-001398,1398,3,business,Housing Starts Rebound Sharply in July,"WASHINGTON (Reuters) - Housing starts rebounded sharply in July, making up almost all the ground lost in a June slump by posting their largest monthly percentage gain since September 2002, a report from the Commerce Department on Tuesday showed."
train,50,2,AGN-TRAIN-001496,1496,3,business,Housing Starts Rebound Sharply in July,"WASHINGTON (Reuters) - Housing starts rebounded sharply in July, making up almost all the ground lost in a June slump by posting their largest monthly percentage gain since September 2002, a report from the Commerce Department on Tuesday showed."
train,51,2,AGN-TRAIN-008481,8481,3,business,Iraq output rises; oil futures fall,"Oil futures fell yesterday after Iraq, the sixth-largest supplier to the United States, boosted shipments to tankers to normal rates for the first time in two weeks."
train,51,2,AGN-TRAIN-008554,8554,3,business,Iraq output rises; oil futures fall,"Oil futures fell yesterday after Iraq, the sixth-largest supplier to the United States, boosted shipments to tankers to normal rates for the first time in two weeks."
train,52,2,AGN-TRAIN-044842,44842,3,business,Justice Dept. Opens Fannie Criminal Probe,"NEW YORK (Reuters) - The Justice Department has opened an investigation of possible accounting fraud at Fannie Mae, the Wall Street Journal reported on Thursday, after a federal regulator said the mortgage giant may have manipulated its earnings targets."
train,52,2,AGN-TRAIN-044948,44948,3,business,Justice Dept. Opens Fannie Criminal Probe,"NEW YORK (Reuters) - The Justice Department has opened an investigation of possible accounting fraud at Fannie Mae, The Wall Street Journal reported on Thursday, after a federal regulator said the mortgage giant may have manipulated its earnings targets."
train,53,2,AGN-TRAIN-063612,63612,3,business,"Kmart Appoints Lewis New CEO, President","The retailing company Kmart Holding Corp. has appointed Aylwin Lewis, formerly an executive at the restaurant operator Yum Brands Inc."
train,53,2,AGN-TRAIN-063737,63737,3,business,"Kmart appoints Lewis new CEO, president","The retailing company Kmart Holding Corp. has appointed Aylwin Lewis, formerly an executive at the restaurant operator Yum Brands Inc."
train,54,2,AGN-TRAIN-119205,119205,3,business,Lilly warns doctors on Strattera use,The drug maker Eli Lilly amp; Co. said Friday it is warning doctors to stop using its attention deficit disorder drug Strattera in patients with jaundice or laboratory evidence of liver injury.
train,54,2,AGN-TRAIN-119221,119221,3,business,Lilly Warns Doctors on Strattera Use,The drug maker Eli Lilly amp; Co. said Friday it is warning doctors to stop using its attention deficit disorder drug Strattera in patients with jaundice or laboratory evidence of liver injury.
train,55,2,AGN-TRAIN-073940,73940,3,business,Lockheed Martin Profit Jumps 41 in Quarter,Lockheed Martin Corp. yesterday reported a 41 percent increase in profit during its third quarter as fighter jet and information technology demand continued to drive growth.
train,55,2,AGN-TRAIN-073972,73972,3,business,Lockheed Martin Profit Jumps 41 in Quarter,Lockheed Martin Corp. yesterday reported a 41 percent increase in profit during its third quarter as fighter jet and information technology demand continued to drive growth.
train,56,2,AGN-TRAIN-004527,4527,3,business,Nortel Will Cut Workforce by 10 Percent,"TORONTO, Aug. 19 -- Nortel Networks Corp. said Thursday it will slash its workforce by 3,500, or 10 percent, as it struggles to recover from an accounting scandal that toppled three top executives and led to a criminal investigation and lawsuits."
train,56,2,AGN-TRAIN-006077,6077,3,business,Nortel Will Cut Workforce by 10 Percent,"TORONTO, Aug. 19 -- Nortel Networks Corp. said Thursday it will slash its workforce by 3,500, or 10 percent, as it struggles to recover from an accounting scandal that toppled three top executives and led to a criminal investigation and lawsuits."
train,57,2,AGN-TRAIN-003930,3930,3,business,Oil Sets Record as New Violence Flares in Iraq,"LONDON (Reuters) - Oil prices struck a fresh record on Thursday, spurred higher by renewed violence in Iraq and fresh evidence that strong demand growth in China and India has not been slowed yet by higher energy costs."
train,57,2,AGN-TRAIN-003950,3950,3,business,Oil Sets Record as New Violence Flares in Iraq,"LONDON (Reuters) - Oil prices struck a fresh record on Thursday, spurred higher by renewed violence in Iraq and fresh evidence that strong demand growth in China and India has not been slowed yet by higher energy costs."
train,58,2,AGN-TRAIN-089591,89591,3,business,"Registers ring, stores are listening","Consumers shrugged off rising energy costs and kept spending in October, boosting retail sales and supporting forecasts of a solid holiday season ahead for retailers."
train,58,2,AGN-TRAIN-089616,89616,3,business,"Registers ring, stores are listening","Consumers shrugged off rising energy costs and kept spending in October, boosting retail sales and supporting forecasts of a solid holiday season ahead for retailers."
train,59,2,AGN-TRAIN-049321,49321,3,business,Supreme Court sidesteps credit card dispute,MasterCard and Visa no longer can block banks from issuing credit cards from competitors after the Supreme Court declined to hear their appeal Monday.
train,59,2,AGN-TRAIN-049351,49351,3,business,Supreme Court Sidesteps Credit Card Dispute,MasterCard and Visa no longer can block banks from issuing credit cards from competitors after the Supreme Court declined to hear their appeal Monday.
train,60,2,AGN-TRAIN-041817,41817,3,business,Time Warner And Comcast Discuss Bid for Adelphia,"Comcast said it was in talks with Time Warner to make a joint bid for Adelphia, which has been operating under bankruptcy protection."
train,60,2,AGN-TRAIN-041860,41860,3,business,Time Warner and Comcast Discuss Bid for Adelphia,"Comcast said it was in talks with Time Warner to make a joint bid for Adelphia, which has been operating under bankruptcy protection."
train,61,2,AGN-TRAIN-007589,7589,3,business,Toys R us Posts Operating Loss,"NEW YORK (Reuters) - Toys R Us Inc. &lt;A HREF=""http://www.investor.reuters.com/FullQuote.aspx?ticker=TOY.N target=/stocks/quickinfo/fullquote""&gt;TOY.N&lt;/A&gt;, which is considering getting out of the toy business, on Monday posted a second-quarter operating loss on poor sales of video games and markdowns on older merchandise."
train,61,2,AGN-TRAIN-007644,7644,3,business,Toys R Us Posts Operating Loss,"NEW YORK (Reuters) - Toys R Us Inc. &lt;A HREF=""http://www.investor.reuters.com/FullQuote.aspx?ticker=TOY.N target=/stocks/quickinfo/fullquote""&gt;TOY.N&lt;/A&gt;, which is considering getting out of the toy business, on Monday posted a second-quarter operating loss on poor sales of video games and markdowns on older merchandise."
train,62,2,AGN-TRAIN-004552,4552,3,business,US Airways asks pilots for 16.5 cut in pay,Struggling US Airways (UAIR) has asked its pilots to accept a 16.5 pay cut while giving them the chance to recoup some of the money by flying more.
train,62,2,AGN-TRAIN-005983,5983,3,business,US Airways asks pilots for 16.5 cut in pay,Struggling US Airways (UAIR) has asked its pilots to accept a 16.5 pay cut while giving them the chance to recoup some of the money by flying more.
train,63,2,AGN-TRAIN-118656,118656,3,business,"US Airways, Flight Attendants Closer to Deal","The lead negotiators for US Airways flight attendants reached a tentative agreement on a new contract that will save the carrier about \$94 million a year, officials from both sides said yesterday."
train,63,2,AGN-TRAIN-118680,118680,3,business,"US Airways, Flight Attendants Closer to Deal","The lead negotiators for US Airways flight attendants reached a tentative agreement on a new contract that will save the carrier about \$94 million a year, officials from both sides said yesterday."
train,64,2,AGN-TRAIN-105670,105670,3,business,US upholds tariffs on shrimp imports,"The Bush administration on Tuesday upheld the imposition of penalty tariffs on shrimp imports from China and Vietnam, handing a victory to beleaguered US shrimp producers."
train,64,2,AGN-TRAIN-105683,105683,3,business,US Upholds Tariffs on Shrimp Imports,"The Bush administration on Tuesday upheld the imposition of penalty tariffs on shrimp imports from China and Vietnam, handing a victory to beleaguered US shrimp producers."
train,65,2,AGN-TRAIN-010834,10834,3,business,US weekly jobless claims rise,"The US Labor Department said Thursday the number of workers filing first-time applications for unemployment benefits rose by 10,000 last week."
train,65,2,AGN-TRAIN-011042,11042,3,business,US Weekly Jobless Claims Rise,"The US Labor Department said Thursday the number of workers filing first-time applications for unemployment benefits rose by 10,000 last week."
train,66,2,AGN-TRAIN-062423,62423,3,business,What If a Sales Tax Were the Only Tax?,"Does replacing personal income and payroll taxes with a national sales tax, an idea President Bush has shown interest in, help the U.S. tax system?"
train,66,2,AGN-TRAIN-062519,62519,3,business,What if a Sales Tax Were the Only Tax?,"Does replacing personal income and payroll taxes with a national sales tax, an idea President Bush has shown interest in, help the U.S. tax system?"
train,67,2,AGN-TRAIN-043599,43599,3,business,World Bank Urges Poor Countries to Improve Investment Climates,"The World Bank wants the governments of poor countries to do more to improve their investment climates, action it described as central to economic growth and poverty reduction."
train,67,2,AGN-TRAIN-043712,43712,3,business,World bank urges poor countries to improve investment climates,"The World Bank wants the governments of poor countries to do more to improve their investment climates, action it described as central to economic growth and poverty reduction."
train,68,2,AGN-TRAIN-005323,5323,4,sci_tech,'Doom 3' Game Unlikely for Xbox This Year - Id CEO,"NEW YORK (Reuters) - The Xbox version of ""Doom 3,"" the long-awaited PC video game recently released to wide acclaim, is not likely to be released in 2004 dealing a blow to enthusiastic game players who are anxiously awaiting it."
train,68,2,AGN-TRAIN-005424,5424,4,sci_tech,'Doom 3' Game Unlikely for Xbox This Year - id CEO,"NEW YORK (Reuters) - The Xbox version of ""Doom 3,"" the long-awaited PC video game recently released to wide acclaim, is not likely to be released in 2004 dealing a blow to enthusiastic game players who are anxiously awaiting it."
train,69,2,AGN-TRAIN-005315,5315,4,sci_tech,'Doom 3' Game Unlikely for Xbox This Year - Id CEO (Reuters),"Reuters - The Xbox version of ""Doom 3,"" the\long-awaited PC video game recently released to wide acclaim,\is not likely to be released in 2004 dealing a blow to\enthusiastic game players who are anxiously awaiting it."
train,69,2,AGN-TRAIN-005425,5425,4,sci_tech,'Doom 3' Game Unlikely for Xbox This Year - id CEO (Reuters),"Reuters - The Xbox version of ""Doom 3,"" the\long-awaited PC video game recently released to wide acclaim,\is not likely to be released in 2004 dealing a blow to\enthusiastic game players who are anxiously awaiting it."
train,70,2,AGN-TRAIN-003789,3789,4,sci_tech,'E-Junk' Recycling Still in Its Infancy (AP),"AP - When Office Depot, Inc. stores ran an electronics recycling drive last summer that accepted everything from cell phones to televisions, some stores were overwhelmed by the amount of e-trash they received."
train,70,2,AGN-TRAIN-061450,61450,4,sci_tech,'e-Junk' Recycling Still in Its Infancy (AP),"AP - When Office Depot, Inc. stores ran an electronics recycling drive last summer that accepted everything from cell phones to televisions, some stores were overwhelmed by the amount of e-trash they received."
train,71,2,AGN-TRAIN-071810,71810,4,sci_tech,'Grand Theft Auto' Seen Breaking Games Sales Record,"NEW YORK (Reuters) - When the violent video game ""Grand Theft Auto: San Andreas"" hits stores on Tuesday, its sales could eclipse Hollywood's most successful films, even as it draws the ire of critics."
train,71,2,AGN-TRAIN-071815,71815,4,sci_tech,'Grand Theft Auto' Seen Breaking Games Sales Record,"NEW YORK (Reuters) - When the violent video game ""Grand Theft Auto: San Andreas"" hits stores on Tuesday, its sales could eclipse Hollywood's most successful films, even as it draws the ire of critics."
train,72,2,AGN-TRAIN-083990,83990,4,sci_tech,8 eBay Sellers Admit to Phony Bids (AP),"AP - Eight eBay sellers were ordered to pay nearly #36;90,000 in restitution and fines after admitting they bid up products online to inflate the prices."
train,72,2,AGN-TRAIN-084756,84756,4,sci_tech,8 EBay Sellers Admit to Phony Bids (AP),"AP - Eight eBay sellers were ordered to pay nearly #36;90,000 in restitution and fines after admitting they bid up products online to inflate the prices."
train,73,2,AGN-TRAIN-044279,44279,4,sci_tech,Agere Adjusts for Soft Demand,"Facing soft demand from major customers, semiconductor and software specialist Agere Systems said it will lay off 500 people and close three facilities to cut costs."
train,73,2,AGN-TRAIN-044638,44638,4,sci_tech,Agere Adjusts For Soft Demand,"Facing soft demand from major customers, semiconductor and software specialist Agere Systems said it will lay off 500 people and close three facilities to cut costs."
train,74,2,AGN-TRAIN-067916,67916,4,sci_tech,Ancient Baby Bird Fossil Found in China,"The fossil of what may be one of the earliest baby birds has been found in northeast China. The fossil, estimated at 121 million years old, is curled up as though still in its shell."
train,74,2,AGN-TRAIN-071444,71444,4,sci_tech,Ancient baby bird fossil found in China,"The fossil of what may be one of the earliest baby birds has been found in northeast China. The fossil, estimated at 121 million years old, is curled up as though still in its shell."
train,75,2,AGN-TRAIN-107524,107524,4,sci_tech,Apple Launches ITunes Music Store in Canada,"SAN FRANCISCO (Reuters) - Apple Computer Inc. on Thursday launched its iTunes online music store in Canada, the 14th country in which the popular service is available."
train,75,2,AGN-TRAIN-107600,107600,4,sci_tech,Apple Launches iTunes Music Store in Canada,"SAN FRANCISCO (Reuters) - Apple Computer Inc. on Thursday launched its iTunes online music store in Canada, the 14th country in which the popular service is available."
train,76,2,AGN-TRAIN-004301,4301,4,sci_tech,Apple Recalls PowerBook Batteries,"Apple Computer this week launched a voluntary worldwide 15-inch PowerBook G4 battery exchange program to deal with 28,000 potentially faulty units."
train,76,2,AGN-TRAIN-005699,5699,4,sci_tech,Apple Recalls PowerBook Batteries,"Apple Computer this week launched a voluntary worldwide 15-inch PowerBook G4 battery exchange program to deal with 28,000 potentially faulty units."
train,77,2,AGN-TRAIN-045693,45693,4,sci_tech,AT amp;T Cuts Internet Phone Service Prices,"AT amp;T Corp. is trimming the price of its new Internet-based telephone service for the second time in six months, prompting a top rival to follow suit."
train,77,2,AGN-TRAIN-045745,45745,4,sci_tech,AT amp;T cuts Internet phone service prices,"AT amp;T Corp. is trimming the price of its new Internet-based telephone service for the second time in six months, prompting a top rival to follow suit."
train,78,2,AGN-TRAIN-004211,4211,4,sci_tech,AT amp;T strikes VoIP deals with cable,"In an attempt to spark growth in its Net phone service, AT amp;T has turned to cable companies to pitch the technology to more consumers."
train,78,2,AGN-TRAIN-006240,6240,4,sci_tech,AT amp;T strikes VoIP deals with cable,"In an attempt to spark growth in its Net phone service, AT amp;T has turned to cable companies to pitch the technology to more consumers."
train,79,2,AGN-TRAIN-004951,4951,4,sci_tech,Brazil tribe prove words count,"When it comes to counting, a remote Amazonian tribespeople have been found to be lost for words. Researchers discovered the Piraha tribe of Brazil, with a population of 200, have no words beyond one, two and many."
train,79,2,AGN-TRAIN-005853,5853,4,sci_tech,Brazil tribe prove words count,"When it comes to counting, a remote Amazonian tribespeople have been found to be lost for words. Researchers discovered the Piraha tribe of Brazil, with a population of 200, have no words beyond one, two and many."
train,80,2,AGN-TRAIN-101461,101461,4,sci_tech,Chicago to Sell City-Related Items on eBay (AP),"AP - City officials hope there are people willing to pay plenty of money to own a vintage Playboy Bunny costume, toss green dye into the Chicago River or throw a dinner party prepared by Oprah Winfrey's chef."
train,80,2,AGN-TRAIN-102091,102091,4,sci_tech,Chicago to Sell City-Related Items on EBay (AP),"AP - City officials hope there are people willing to pay plenty of money to own a vintage Playboy Bunny costume, toss green dye into the Chicago River or throw a dinner party prepared by Oprah Winfrey's chef."
train,81,2,AGN-TRAIN-062603,62603,4,sci_tech,Do Good! Win a Prize!,"While Nobel prizes are given for past performance, other types of inducement prizes are intended to spur innovation. Do they do the job?"
train,81,2,AGN-TRAIN-063330,63330,4,sci_tech,Do Good! Win a Prize!,"While Nobel Prizes are given for past performance, other types of inducement prizes are intended to spur innovation. Do they do the job?"
train,82,2,AGN-TRAIN-095121,95121,4,sci_tech,Duffield: Oracle's skewing facts on stock sales,"PeopleSoft's CEO fires back at rival, saying it's wrong about his stock transactions. Both companies scramble ahead of Friday deadline."
train,82,2,AGN-TRAIN-095226,95226,4,sci_tech,Duffield: Oracle's skewing facts on stock sales,"PeopleSoft's CEO fires back at rival, saying it's wrong about his stock transactions. Both companies scramble ahead of Friday deadline."
train,83,2,AGN-TRAIN-013158,13158,4,sci_tech,Duke Welcomes Freshmen With New IPods (AP),"AP - Newly arrived Duke University freshmen got something considerably snazzier than the usual Blue Devils T-shirts and ball caps: Their goodie bags included a free iPod digital music player engraved with the school's crest and the words ""Class of 2008."""
train,83,2,AGN-TRAIN-013480,13480,4,sci_tech,Duke Welcomes Freshmen With New iPods (AP),"AP - Newly arrived Duke University freshmen got something considerably snazzier than the usual Blue Devils T-shirts and ball caps: Their goodie bags included a free iPod digital music player engraved with the school's crest and the words ""Class of 2008."""
train,84,2,AGN-TRAIN-004861,4861,4,sci_tech,EA game #39;Madden #39; tops 1.3 million first week,"quot;Madden NFL 2005, quot; the latest version of Electronic Arts #39; pro football video game franchise, sold more than 1.3 million copies in its first week of release, the company said Thursday, citing internal figures."
train,84,2,AGN-TRAIN-006381,6381,4,sci_tech,EA game #39;Madden #39; tops 1.3 million first week,"quot;Madden NFL 2005, quot; the latest version of Electronic Arts #39; pro football video game franchise, sold more than 1.3 million copies in its first week of release, the company said Thursday, citing internal figures."
train,85,2,AGN-TRAIN-094094,94094,4,sci_tech,EBay Agrees to Limit Racial Slurs on Auction Site (Reuters),Reuters - Internet auction house eBay Inc.\said on Wednesday it would limit the use of racial slurs after\U.S. city officials complained the offensive terms were being\used to advertise lawn jockeys and other antiques.
train,85,2,AGN-TRAIN-094647,94647,4,sci_tech,eBay Agrees to Limit Racial Slurs on Auction Site (Reuters),Reuters - Internet auction house eBay Inc.\said on Wednesday it would limit the use of racial slurs after\U.S. city officials complained the offensive terms were being\used to advertise lawn jockeys and other antiques.
train,86,2,AGN-TRAIN-111612,111612,4,sci_tech,EU wants to make Internet safe for children,The European Union has launched a 45 million euro (\$60 million) plan to protect children from pornography and racist sites when they surf the Internet.
train,86,2,AGN-TRAIN-111630,111630,4,sci_tech,EU Wants to Make Internet Safe for Children,The European Union has launched a 45 million euro (\$60 million) plan to protect children from pornography and racist sites when they surf the Internet.
train,87,2,AGN-TRAIN-005028,5028,4,sci_tech,Flaws and a Delay for XP SP2,"Just one day after Microsoft delayed the delivery of its Windows XP Service Pack 2 (XP SP2) update for the Professional Edition, a German research firm announced the discovery of two security flaws in the application."
train,87,2,AGN-TRAIN-007825,7825,4,sci_tech,Flaws and a Delay for XP SP2,"Just one day after Microsoft delayed the delivery of its Windows XP Service Pack 2 (XP SP2) update for the Professional Edition, a German research firm announced the discovery of two security flaws in the application."
train,88,2,AGN-TRAIN-005213,5213,4,sci_tech,Google #39;s ups and downs,"Google #39;s long-awaited public offering finally made it to the street, but the search is still on for Microsoft #39;s Windows update."
train,88,2,AGN-TRAIN-005651,5651,4,sci_tech,Google #39;s ups and downs,"Google #39;s long-awaited public offering finally made it to the street, but the search is still on for Microsoft #39;s Windows update."
train,89,2,AGN-TRAIN-001746,1746,4,sci_tech,IBM adds four-way 550 server to new i5 product line,"IBM Corp. bolstered the new eServer i5 server lineup with the i5 550, a new system based on the Power 5 chip that can run multiple operating systems."
train,89,2,AGN-TRAIN-001752,1752,4,sci_tech,IBM adds four-way 550 server to new i5 product line,"IBM Corp. bolstered the new eServer i5 server lineup with the i5 550, a new system based on the Power 5 chip that can run multiple operating systems."
train,90,2,AGN-TRAIN-025202,25202,4,sci_tech,IBM triples transistor performance with germanium,"IBM has successfully demonstrated a new technique for improving transistor performance that will help the company build smaller, more powerful chips in the next decade, company researchers said Monday."
train,90,2,AGN-TRAIN-026455,26455,4,sci_tech,IBM Triples Transistor Performance with Germanium,"IBM has successfully demonstrated a new technique for improving transistor performance that will help the company build smaller, more powerful chips in the next decade, company researchers said Monday."
train,91,2,AGN-TRAIN-005500,5500,4,sci_tech,IE Flaw Affects Windows XP SP2 Systems,"The quot;highly criticial quot; vulnerability affects Internet Explorer 5.01, 5.5, and 6 on fully patched PCs running either Windows XP SP1 or the newer SP2."
train,91,2,AGN-TRAIN-005697,5697,4,sci_tech,IE Flaw Affects Windows XP SP2 Systems,"The quot;highly criticial quot; vulnerability affects Internet Explorer 5.01, 5.5, and 6 on fully patched PCs running either Windows XP SP1 or the newer SP2."
train,92,2,AGN-TRAIN-029097,29097,4,sci_tech,Infineon to Pay a Fine in the Fixing Of Chip Prices,Federal prosecutors cracked a global cartel that had illegally fixed prices of memory chips in personal computers and servers for three years.
train,92,2,AGN-TRAIN-030388,30388,4,sci_tech,Infineon to Pay a Fine in the Fixing of Chip Prices,Federal prosecutors cracked a global cartel that had illegally fixed prices of memory chips in personal computers and servers for three years.
train,93,2,AGN-TRAIN-037390,37390,4,sci_tech,Ireland Cracks Down on Internet Fraud,Ireland has become the first country on earth to cut off direct-dialed calls to entire nations in a bid to crack down on Internet-based fraud.
train,93,2,AGN-TRAIN-037506,37506,4,sci_tech,Ireland cracks down on Internet fraud,Ireland has become the first country on earth to cut off direct-dialed calls to entire nations in a bid to crack down on Internet-based fraud.
train,94,2,AGN-TRAIN-072063,72063,4,sci_tech,"John Deere, IRobot Team Up to Make Robot (AP)","AP - In a trailblazing pairing of robotics and tractor companies, iRobot and John Deere announced plans Monday to build a 9-foot-long semi-autonomous battlefield vehicle."
train,94,2,AGN-TRAIN-072110,72110,4,sci_tech,"John Deere, iRobot Team Up to Make Robot (AP)","AP - In a trailblazing pairing of robotics and tractor companies, iRobot and John Deere announced plans Monday to build a 9-foot-long semi-autonomous battlefield vehicle."
train,95,2,AGN-TRAIN-096250,96250,4,sci_tech,Let the handheld games begin,It #39;s the fight computer gamers have been waiting for. But the latest duel between wise old master Nintendo and challenger Sony is not taking place on a TV screen.
train,95,2,AGN-TRAIN-096472,96472,4,sci_tech,Let the Handheld Games Begin,It #39;s the fight computer gamers have been waiting for. But the latest duel between wise old master Nintendo and challenger Sony is not taking place on a TV screen.
train,96,2,AGN-TRAIN-004859,4859,4,sci_tech,Lindows halts stock release,Linux supplier Lindows has announced it has called a halt to the initial public offering of its common stock after filing for registration in April.
train,96,2,AGN-TRAIN-005796,5796,4,sci_tech,Lindows halts stock release,Linux supplier Lindows has announced it has called a halt to the initial public offering of its common stock after filing for registration in April.
train,97,2,AGN-TRAIN-003456,3456,4,sci_tech,Mars Rover Finds Mysterious Rocks and More Signs of Water,"ith one Mars rover climbing into the hills and the other descending deep into a crater, scientists yesterday reported the discovery of several mysterious rock structures along with yet more signs that Mars was once awash in water."
train,97,2,AGN-TRAIN-005647,5647,4,sci_tech,Mars Rover Finds Mysterious Rocks and More Signs of Water,"ith one Mars rover climbing into the hills and the other descending deep into a crater, scientists yesterday reported the discovery of several mysterious rock structures along with yet more signs that Mars was once awash in water."
train,98,2,AGN-TRAIN-112163,112163,4,sci_tech,Microsoft helps in bogus degrees case,"Some sleuthing by software giant Microsoft Corp. helped track down two brothers who authorities say sold bogus college degrees over the Internet, including an MBA that was issued to a housecat."
train,98,2,AGN-TRAIN-112284,112284,4,sci_tech,Microsoft Helps in Bogus Degrees Case,"Some sleuthing by software giant Microsoft Corp. helped track down two brothers who authorities say sold bogus college degrees over the Internet, including an MBA that was issued to a housecat."
train,99,2,AGN-TRAIN-001674,1674,4,sci_tech,Microsoft readies Host Integration Server 2004,"In a continued effort to compete with IBM Corp. and its WebSphere offerings, Microsoft Corp. on Tuesday announced imminent availability of Host Integration Server 2004."
train,99,2,AGN-TRAIN-001687,1687,4,sci_tech,Microsoft readies Host Integration Server 2004,"In a continued effort to compete with IBM Corp. and its WebSphere offerings, Microsoft Corp. on Tuesday announced imminent availability of Host Integration Server 2004."
train,100,2,AGN-TRAIN-046432,46432,4,sci_tech,Microsoft Tests MSN Messenger 7.0,"A select group of testers next week will get an early look at MSN Messenger 7.0, the next version of Microsoft #39;s popular instant messaging client."
train,100,2,AGN-TRAIN-046770,46770,4,sci_tech,Microsoft tests MSN Messenger 7.0,"A select group of testers next week will get an early look at MSN Messenger 7.0, the next version of Microsoft #39;s popular instant messaging client."
train,101,2,AGN-TRAIN-005506,5506,4,sci_tech,Moveon.org subscriber-data leaked through search,Subscribers to Moveon.org #39;s mailing lists may have found their interest in the anti-Bush political site a matter of public record.
train,101,2,AGN-TRAIN-005877,5877,4,sci_tech,Moveon.org subscriber-data leaked through search,Subscribers to Moveon.org #39;s mailing lists may have found their interest in the anti-Bush political site a matter of public record.
train,102,2,AGN-TRAIN-082146,82146,4,sci_tech,Munch Museum to Stay Closed Well Into 2005,Oslo #39;s Munch Museum could remain closed until June 2005 while officials upgrade its security system following a brazen daylight robbery in August of two Edvard Munch masterpieces.
train,102,2,AGN-TRAIN-082406,82406,4,sci_tech,Munch Museum to stay closed well into 2005,Oslo #39;s Munch Museum could remain closed until June 2005 while officials upgrade its security system following a brazen daylight robbery in August of two Edvard Munch masterpieces.
train,103,2,AGN-TRAIN-004533,4533,4,sci_tech,NASA prepares to catch a falling star sample,NASA #39;s three-year effort to bring some genuine star dust back to Earth is set for a dramatic finale Sept. 8 when Hollywood helicopter pilots will attempt a midair retrieval of a descending space capsule.
train,103,2,AGN-TRAIN-005803,5803,4,sci_tech,NASA prepares to catch a falling star sample,NASA #39;s three-year effort to bring some genuine star dust back to Earth is set for a dramatic finale Sept. 8 when Hollywood helicopter pilots will attempt a midair retrieval of a descending space capsule.
train,104,2,AGN-TRAIN-061492,61492,4,sci_tech,NASA Says Switches May Have Caused Genesis Crash,"Problems with switches aboard NASA #39;s Genesis solar probe may have kept its parachute from opening, which led to the craft #39;s crash-landing in the Utah desert, the US space agency said."
train,104,2,AGN-TRAIN-069884,69884,4,sci_tech,NASA says switches may have caused Genesis crash,"Problems with switches aboard NASA #39;s Genesis solar probe may have kept its parachute from opening, which led to the craft #39;s crash-landing in the Utah desert, the US space agency said."
train,105,2,AGN-TRAIN-118634,118634,4,sci_tech,NASA Spacecraft Tracks Global Air Pollution,"A NASA spacecraft has begun the first-ever daily tracking of how air pollution moves across the globe, a scientist at NASA #39;s Jet Propulsion Laboratory said on Wednesday."
train,105,2,AGN-TRAIN-118642,118642,4,sci_tech,NASA spacecraft tracks global air pollution,"A NASA spacecraft has begun the first-ever daily tracking of how air pollution moves across the globe, a scientist at NASA #39;s Jet Propulsion Laboratory said on Wednesday."
train,106,2,AGN-TRAIN-071913,71913,4,sci_tech,New Crop of Portable Players Nips at IPod (AP),"AP - Lauren, 11, saunters nonchalantly past a Discovery Channel store and a Gymboree clothing store at the mall. Then suddenly, the girl's eyes light up and she pulls her mother into an Apple Computer Inc. retail shop."
train,106,2,AGN-TRAIN-072255,72255,4,sci_tech,New Crop of Portable Players Nips at iPod (AP),"AP - Lauren, 11, saunters nonchalantly past a Discovery Channel store and a Gymboree clothing store at the mall. Then suddenly, the girl's eyes light up and she pulls her mother into an Apple Computer Inc. retail shop."
train,107,2,AGN-TRAIN-004879,4879,4,sci_tech,Oracle moves to monthly patching schedule,"Weeks after coming under criticism for sitting on patches for multiple holes in its database software, Oracle Corp. has announced that it is moving to a monthly patch release schedule."
train,107,2,AGN-TRAIN-004914,4914,4,sci_tech,Oracle moves to monthly patching schedule,"Weeks after coming under criticism for sitting on patches for multiple holes in its database software, Oracle Corp. has announced that it is moving to a monthly patch release schedule."
train,108,2,AGN-TRAIN-002536,2536,4,sci_tech,Pakistan Mobile Phone Firms Vie for Pent-Up Demand,"ISLAMABAD (Reuters) - Tens of thousands of Pakistanis endured hours of stifling heat this week to accept an offer of free mobile phone connections, a sign of the pent-up demand in a country where cell phone usage has remained low."
train,108,2,AGN-TRAIN-003387,3387,4,sci_tech,Pakistan Mobile Phone Firms Vie for Pent-Up Demand,"ISLAMABAD (Reuters) - Tens of thousands of Pakistanis endured hours of stifling heat this week to accept an offer of free mobile phone connections, a sign of the pent-up demand in a country where cell phone usage has remained low."
train,109,2,AGN-TRAIN-074863,74863,4,sci_tech,Photo: XM's portable satellite radio,XM Satellite Radio Holdings introduced a handheld portable version of its satellite radio.
train,109,2,AGN-TRAIN-114941,114941,4,sci_tech,Photo: XM's portable satellite radio,XM Satellite Radio Holdings introduced a handheld portable version of its satellite radio.
train,110,2,AGN-TRAIN-073176,73176,4,sci_tech,PluggedIn: The OQO Is Not Just Another Handheld Device,"SAN FRANCISCO (Reuters) - A full-fledged Windows XP computer that's a fraction of the size of a laptop seems like the answer to the digerati's prayers, but the praise greeting the OQO Model 01 has been decidedly muted."
train,110,2,AGN-TRAIN-073601,73601,4,sci_tech,PluggedIn: the OQO Is Not Just Another Handheld Device,"SAN FRANCISCO (Reuters) - A full-fledged Windows XP computer that's a fraction of the size of a laptop seems like the answer to the digerati's prayers, but the praise greeting the OQO Model 01 has been decidedly muted."
train,111,2,AGN-TRAIN-101030,101030,4,sci_tech,PRODUCT REVIEW: MSN's WebTV Grows Up (AP),"AP - During the dot-com boom, people who didn't want to miss out on the Web and e-mail craze but didn't want to buy a real computer could get WebTV, which delivered the Internet through the warm, friendly glow of their TV sets."
train,111,2,AGN-TRAIN-103593,103593,4,sci_tech,Product Review: MSN's WebTV Grows Up (AP),"AP - During the dot-com boom, people who didn't want to miss out on the Web and e-mail craze but didn't want to buy a real computer could get WebTV, which delivered the Internet through the warm, friendly glow of their TV sets."
train,112,2,AGN-TRAIN-005029,5029,4,sci_tech,RealNetworks Doesn #39;t Rock,"NEW YORK - It #39;s never a smart move to pick a public fight with Apple Computer, and it #39;s doubly unwise if that fight involves the iPod in some way."
train,112,2,AGN-TRAIN-006110,6110,4,sci_tech,RealNetworks Doesn #39;t Rock,"NEW YORK - It #39;s never a smart move to pick a public fight with Apple Computer, and it #39;s doubly unwise if that fight involves the iPod in some way."
train,113,2,AGN-TRAIN-102666,102666,4,sci_tech,Researchers Develop 3-D Phone Technology,"TOKYO - It #39;s an idea that was popularized by Princess Leia #39;s plea for help in Star Wars: sending a 3-D hologram. Now, two Japanese scientists have developed technology they hope will one day turn the humble"
train,113,2,AGN-TRAIN-102804,102804,4,sci_tech,Researchers develop 3-D phone technology,"TOKYO - It #39;s an idea that was popularized by Princess Leia #39;s plea for help in Star Wars: sending a 3-D hologram. Now, two Japanese scientists have developed technology they hope will one day turn the humble"
train,114,2,AGN-TRAIN-034920,34920,4,sci_tech,Revamped eMusic Targets Indie Market (AP),"AP - Nearly a year since it was sold by Vivendi Universal to private investors, online retailer eMusic has undergone a facelift that includes a panel of music critics to help users comb its trove of independent music."
train,114,2,AGN-TRAIN-035165,35165,4,sci_tech,Revamped EMusic Targets Indie Market (AP),"AP - Nearly a year since it was sold by Vivendi Universal to private investors, online retailer eMusic has undergone a facelift that includes a panel of music critics to help users comb its trove of independent music."
train,115,2,AGN-TRAIN-074966,74966,4,sci_tech,Review: A Flat Panel That's Also Deep (AP),"AP - Three-dimensional movies at home, without the silly glasses, have been a science-fiction dream for at least as long as Dick Tracy's wristwatch cell phone and the household robot."
train,115,2,AGN-TRAIN-075197,75197,4,sci_tech,Review: a Flat Panel That's Also Deep (AP),"AP - Three-dimensional movies at home, without the silly glasses, have been a science-fiction dream for at least as long as Dick Tracy's wristwatch cell phone and the household robot."
train,116,2,AGN-TRAIN-066754,66754,4,sci_tech,REVIEW: Local PC Search Not Perfect (AP),"AP - If you want to find a needle of information in the seemingly endless haystack that is the Web, just punch a few words into your favorite Internet search engine. But if you want to pull up a file from your PC's hard drive, good luck."
train,116,2,AGN-TRAIN-068709,68709,4,sci_tech,Review: Local PC Search Not Perfect (AP),"AP - If you want to find a needle of information in the seemingly endless haystack that is the Web, just punch a few words into your favorite Internet search engine. But if you want to pull up a file from your PC's hard drive, good luck."
train,117,2,AGN-TRAIN-001236,1236,4,sci_tech,Rival Targets Apple's ITunes Customers (AP),"AP - For more than a year, Apple Computers Inc. enjoyed singular success selling songs exclusively to users of its iPod portable music player. Now, it's got rival RealNetworks Inc. trying to lure iTunes customers away."
train,117,2,AGN-TRAIN-002731,2731,4,sci_tech,Rival Targets Apple's iTunes Customers (AP),"AP - For more than a year, Apple Computers Inc. enjoyed singular success selling songs exclusively to users of its iPod portable music player. Now, it's got rival RealNetworks Inc. trying to lure iTunes customers away."
train,118,2,AGN-TRAIN-045138,45138,4,sci_tech,SanDisk Flashes New Memory Cards,"SanDisk this week announced a series of CF (CompactFlash) cards that double the read and write speeds of its fastest flash cards available today, as well as an 8GB version of its Ultra II CF Type 1 flash memory card."
train,118,2,AGN-TRAIN-048231,48231,4,sci_tech,SanDisk flashes new memory cards,"SanDisk this week announced a series of CF (CompactFlash) cards that double the read and write speeds of its fastest flash cards available today, as well as an 8GB version of its Ultra II CF Type 1 flash memory card."
train,119,2,AGN-TRAIN-081335,81335,4,sci_tech,Scientists Close in on Source of Cosmic Rays,An international team of astronomers believe they have solved a mystery that has been perplexing scientists for 100 years -- the origin of cosmic rays.
train,119,2,AGN-TRAIN-081758,81758,4,sci_tech,Scientists close in on source of cosmic rays,An international team of astronomers believe they have solved a mystery that has been perplexing scientists for 100 years -- the origin of cosmic rays.
train,120,2,AGN-TRAIN-064195,64195,4,sci_tech,Scientists: New planets may take longer,It may take much longer than scientists have thought for violent turbulence to turn grains of space dust into new planets. A NASA telescope recently discovered evidence that
train,120,2,AGN-TRAIN-069883,69883,4,sci_tech,Scientists: New Planets May Take Longer,It may take much longer than scientists have thought for violent turbulence to turn grains of space dust into new planets. A NASA telescope recently discovered evidence that
train,121,2,AGN-TRAIN-059912,59912,4,sci_tech,Smaller Can Be Better (Except When It's Not),Stores are stocked with an abundance of featherweight gadgets. But some of these tiny gadgets raise a new question: how small is too small?
train,121,2,AGN-TRAIN-060108,60108,4,sci_tech,Smaller Can Be Better (Except When It's Not),Stores are stocked with an abundance of featherweight gadgets. But some of these tiny gadgets raise a new question: How small is too small?
train,122,2,AGN-TRAIN-003809,3809,4,sci_tech,"Sony Unveils New Flat TVs, Aims to Boost Share",TOKYO (Reuters) - Electronics conglomerate Sony Corp. unveiled eight new flat-screen televisions on Thursday in a product push it hopes will help it secure a leading 35 percent of the domestic market in the key month of December.
train,122,2,AGN-TRAIN-004217,4217,4,sci_tech,"Sony Unveils New Flat TVs, Aims to Boost Share",TOKYO (Reuters) - Electronics conglomerate Sony Corp. unveiled eight new flat-screen televisions on Thursday in a product push it hopes will help it secure a leading 35 percent of the domestic market in the key month of December.
train,123,2,AGN-TRAIN-079472,79472,4,sci_tech,Study: FireFox still gaining on Internet Explorer,"Alternative Web browsers Mozilla and FireFox experienced another month of growth at the expense of Microsoft #39;s dominant Internet Explorer, according to an online study."
train,123,2,AGN-TRAIN-079606,79606,4,sci_tech,Study: Firefox still gaining on Internet Explorer,"Alternative Web browsers Mozilla and Firefox experienced another month of growth at the expense of Microsoft #39;s dominant Internet Explorer, according to an online study."
train,124,2,AGN-TRAIN-004854,4854,4,sci_tech,Stumbling over SP2,"People have Bill Gates all wrong. He doesn #39;t want to rule the world (or at least the computerized portion of it). And although he may secretly hope that all Linux source code spontaneously combusts, that isn #39;t his biggest wish."
train,124,2,AGN-TRAIN-006519,6519,4,sci_tech,Stumbling over SP2,"People have Bill Gates all wrong. He doesn #39;t want to rule the world (or at least the computerized portion of it). And although he may secretly hope that all Linux source code spontaneously combusts, that isn #39;t his biggest wish."
train,125,2,AGN-TRAIN-004913,4913,4,sci_tech,Stunt pilots to hook falling stardust sample,"A piece of the Sun is set to fall to Earth and be captured by Hollywood stunt pilots in a tricky mid-air manoeuvre, NASA announced on Thursday."
train,125,2,AGN-TRAIN-005960,5960,4,sci_tech,Stunt pilots to hook falling stardust sample,"A piece of the Sun is set to fall to Earth and be captured by Hollywood stunt pilots in a tricky mid-air manoeuvre, NASA announced on Thursday."
train,126,2,AGN-TRAIN-089833,89833,4,sci_tech,US to build wireless network for future warfare (AFP),"AFP - The Pentagon, which invented the precursor to the Internet 40 years ago, has laid the first connections for a secure, wireless information network that proponents say will fundamentally transform warfare, a US newspaper reported."
train,126,2,AGN-TRAIN-089884,89884,4,sci_tech,US to build wireless network for future warfare (AFP),"AFP - The Pentagon, which invented the precursor to the internet 40 years ago, has laid the first connections for a secure, wireless information network that proponents say will fundamentally transform warfare, a US newspaper reported."
train,127,2,AGN-TRAIN-088558,88558,4,sci_tech,"Vote Fraud Theories, Spread by Blogs, Are Quickly Buried","Some web logs were swift to provide dark theories about the presidential election, but others were just as quick to debunk them."
train,127,2,AGN-TRAIN-089667,89667,4,sci_tech,"Vote Fraud Theories, Spread by Blogs, Are Quickly Buried","Some Web logs were swift to provide dark theories about the presidential election, but others were just as quick to debunk them."
train,128,2,AGN-TRAIN-076355,76355,4,sci_tech,Voters checking out other sides #39; sites,Are right-leaning voters spending all their online time on Rushlimbaugh.com? Are left-leaning voters locked into the like-minded Talkingpointsmemo.
train,128,2,AGN-TRAIN-078597,78597,4,sci_tech,Voters Checking Out Other Sides #39; Sites,Are right-leaning voters spending all their online time on Rushlimbaugh.com? Are left-leaning voters locked into the like-minded Talkingpointsmemo.
train,129,2,AGN-TRAIN-005010,5010,4,sci_tech,Web Sites Agree to Be Accessible to Blind,"In one of the first enforcement actions of the Americans with Disabilities Act on the Internet, two major travel services have agreed to make sites more accessible to the blind and visually impaired."
train,129,2,AGN-TRAIN-006771,6771,4,sci_tech,Web sites agree to be accessible to blind,"In one of the first enforcement actions of the Americans with Disabilities Act on the Internet, two major travel services have agreed to make sites more accessible to the blind and visually impaired."
