document_id,title,description,content,date,category,link,duplicate_type,dataset,class_index,split
KMP-04685,Bos Facebook Tinggalkan Kursi CEO dan Jadi Programer Lagi,Mark Zuckerberg dilaporkan mendadak pindah dari meja kerjanya sekarang dan kembali jadi programer seperti awal dia mendirikan Facebook.,"Saking ambisiusnya, pendiri Facebook ini rela ""turun gunung"", meninggalkan meja kebesarannya, dan memindahkan ruang kerjanya agar bisa ikut coding langsung bersama para periset AI. Manuver tak biasa ini tentu menjadi ironi tersendiri. Pasalnya, di saat pakar menggembar-gemborkan bahwa coding mulai menjadi skill yang usang akibat AI, Zuckerberg justru kembali menjadi programer. (Baca: 10 Profesi yang Kini Paling Rentan Tergusur AI ) Zuckerberg dilaporkan telah menata ulang dan memindahkan meja kerjanya secara permanen ke fasilitas lab kecerdasan buatan milik Meta . Di sana, ia kini duduk berdampingan langsung dengan tokoh-tokoh kunci pengembangan AI perusahaan, yakni Kepala AI Meta Alexandr Wang dan mantan CEO GitHub Nat Friedman. Informasi ""ordal"" ini dibocorkan langsung oleh Presiden Meta, Dina Powell McCormick, saat berbicara di acara Semafor World Economy Summit di Washington, D.C. ""Mark benar-benar telah memindahkan mejanya. Dia sekarang duduk di lab AI bersama Alex Wang dan Nat Friedman, dan dia menulis program sepanjang hari,"" ungkap McCormick. Di tengah kesibukannya memimpin salah satu perusahaan paling berharga di dunia, Zuckerberg menyediakan waktu khusus sekitar 5 hingga 10 jam setiap minggunya murni untuk menulis dan meninjau baris kode dari berbagai proyek AI yang sedang dikerjakan timnya. Tentu saja, kehadiran ""bos besar"" yang tiba-tiba ikut campur di ruang riset teknis ini bisa memicu rasa canggung. McCormick bahkan sempat bercanda, membayangkan dirinya sebagai karyawan tim riset AI. ""Di satu sisi, mereka (para periset) mungkin merasa, 'Oh luar biasa, ada tambahan masukan lagi dari Anda, Mark, saat Anda ikut coding',"" ujar McCormick, seperti dihimpun KompasTekno dari BusinessInsider. Meski terdengar seperti micro-management , McCormick menegaskan bahwa langkah tersebut merupakan bentuk komitmen personal Zuckerberg yang sangat tinggi. Menurut dia, Zuckerberg ingin memahami betul seluruh seluk-beluk dan hambatan teknis demi merakit model bahasa AI yang paling canggih. Ilustrasi dibuat dengan AI. Ilustrasi meja kerja Mark Zuckerberg di lab riset Meta. Perubahan gaya kerja Zuckerberg ini sekaligus menjadi sinyal peringatan keras bagi para rivalnya, seperti OpenAI (kreator ChatGPT), Google (Gemini), hingga Anthropic. Meta memang sempat dicibir karena dianggap telat panas dan tertinggal di garis start perlombaan AI generatif. Untuk mengejar ketertinggalan tersebut, Meta baru-baru ini melakukan restrukturisasi besar-besaran dengan membentuk divisi Superintelligence Labs. Tak tanggung-tanggung, demi membangun tim ""pembunuh"" ChatGPT, Meta sampai rela menggelontorkan dana fantastis sebesar 15 miliar dollar AS (sekitar Rp 255 triliun) ke startup infrastruktur AI Scale AI. Langkah ini menjadi kunci bagi Meta untuk memboyong pendiri Scale AI, Alexandr Wang, agar mau memimpin divisi baru tersebut bersama Nat Friedman yang sudah bergabung lebih dulu. Dengan memosisikan dirinya langsung di dapur inovasi tersebut, Zuckerberg berharap Meta tak sekadar menjadi pengekor, melainkan bisa segera merebut takhta sebagai raja AI di Silicon Valley. A post shared by Tekno Kompas.com (@teknokompas)",2026-04-20 06:52:00,tekno,https://tekno.kompas.com/read/2026/04/18/07580007/bos-facebook-tinggalkan-kursi-ceo-dan-jadi-programer-lagi,normalized_content,Kompas,,
KMP-07577,10 Trik Lihat Story Instagram Tanpa Ketahuan dengan Mudah,Story Instagram bisa dilihat tanpa ketahuan pemiliknya. Ada beberapa cara melihat Story IG tanpa diketahui yang bisa dilakukan.,"Jika ingin menonton dengan lebih privasi, pengguna sejatinya ada cara melihat Story IG tanpa diketahui pemiliknya. Lantas, bagaimana cara melihat Story IG tanpa diketahui ? Simak di bawah ini tentang cara melihat Instagram Stories tanpa ketahuan. Cara melihat Story Instagram tanpa diketahui pembuatnya itu sejatinya cukup mudah. Ada banyak pilihan cara melihat Story IG tanpa ketahuan yang bisa dilakukan pengguna. Untuk melakukannya, pengguna bisa memanfaatkan layanan dari website dan aplikasi pihak ketiga. Selain itu, pengguna juga bisa melihat Story IG secara lebih privasi tanpa menggunakan layanan dari platform pihak ketiga. Adapun penjelasan yang lebih lengkap soal beberapa cara melihat Story IG tanpa ketahuan adalah sebagai berikut. Cara melihat Instagram Stories tanpa ketahuan yang pertama adalah dengan mengintip Story IG secara perlahan. Caranya, pengguna bisa mengintip Story IG yang ingin dilihat tanpa ketahuan di jendela peralihan Story dari Story akun sebelumnya. Misalnya, pengguna ingin mengintip Instagram Story dari pengguna @B. Kemudian, di samping kiri Instagram Story @B, terdapat Story dari akun sebelumnya yang misalnya milik akun @A. Untuk melihat Story IG dari akun @B tanpa ketahuan, pengguna bisa memulai dengan melihat dulu Story IG dari akun sebelumnya, yakni akun @A. Setelah itu, pengguna bisa menggeser secara perlahan Story IG akun @A untuk menuju ke Story IG dari akun @B. Geser secara perlahan hingga muncul jendela peralihan Story. Di jendela itu, pengguna bisa mengintip isi Story dari akun @B. Untuk tidak ketahuan, pengguna jangan sampe menggeser jendela peralihan itu, sehingga Story IG akun @B tayang secara penuh. Cara melihat Story Instagram tanpa diketahui pemiliknya yang kedua adalah dengan mengaktifkan mode pesawat. Adapun penjelasan caranya adalah sebagai berikut: Ketiga, pengguna bisa memakai ekstensi atau program mini di Google Chrome. Ada banyak ekstensi di Chrome yang memungkinkan pengguna melihat Story IG tanpa ketahuan. Salah satunya adalah ekstensi “Aplikasi Cerita IG untuk Instagram”. Adapun penjelasan cara melihat Story IG tanpa diketahui menggunakan ekstensi di Chrome adalah sebagai berikut: Keempat, pengguna bisa memakai website Story Saver untuk melihat Story IG tanpa ketahuan. Di website ini, pengguna juga bisa mengunduh Story IG yang dibuat orang lain. Adapun caranya adalah sebagai berikut: Cara melihat Story IG tanpa diketahui pemiliknya yang kelima adalah dengan menggunakan website Anonyig. Di website ini, pengguna dapat mengunduh Story IG yang dibuat orang lain dan melihatnya secara offline. Adapun penjelasan caranya adalah sebagai berikut: Keenam, pengguna bisa memanfaatkan website Stories IG untuk melihat Story tanpa ketahuan. Di website ini, pengguna juga dapat mengunduh Story IG dari orang lain. Adapun penjelasan caranya adalah sebagai berikut:",2026-05-16 12:35:00,tekno,https://tekno.kompas.com/read/2026/05/16/12350097/10-trik-lihat-story-instagram-tanpa-ketahuan-dengan-mudah,normalized_content,Kompas,,
KMP-09654,Aktifkan Fitur Ini biar WhatsApp Tidak Bisa Ditelepon Tanpa Blokir Kontak,WhatsApp bisa diatur agar tidak bisa ditelepon tanpa diblokir. Begini cara agar WA tidak bisa ditelepon tanpa blokir kontak.,"Sebab, saat kontak diblokir, mereka tidak akan bisa tak akan bisa menghubungi pengguna lagi sama sekali, termasuk melakukan panggilan telepon WhatsApp. Padahal, kontak yang menelepon pengguna itu bisa jadi penting dan tidak mungkin diblokir. Untungnya, WhatsApp bisa diatur agar tidak bisa ditelepon tanpa perlu blokir kontak. Lantas, bagaimana agar WhatsApp tidak bisa ditelepon? Ini cara agar WA agar tidak bisa ditelepon tanpa diblokir dengan mudah. Cara agar WA tidak bisa ditelepon tanpa diblokir itu pada dasarnya cukup mudah. Dalam cara setting WA agar tidak bisa ditelepon tanpa diblokir ini, pengguna tak perlu repot-repot memakai aplikasi tambahan. Pengguna bisa memanfaatkan beberapa fitur bawaan untuk membuat WA tidak bisa ditelepon tanpa diblokir. Setidaknya, terdapat dua metode yang bisa dilakukan dalam cara agar WA tidak bisa ditelepon tanpa diblokir ini. Pertama, pengguna bisa mengatur agar WhatsApp memblokir otomatis telepon dari nomor tidak dikenal. Kedua, cara setting WA agar tidak bisa ditelepon tanpa diblokir bisa dilakukan dengan mengaktifkan mode DND (Do Not Disturb/Jangan Ganggu) di HP. Adapun penjelasan yang lebih detail dari masing-masing cara agar WA tidak bisa ditelepon tanpa diblokir tersebut adalah sebagai berikut. Cara agar WA tidak bisa ditelepon tanpa diblokir yang pertama adalah memblokir aktivitas panggilan telepon dari nomor tidak dikenal secara otomatis. WhatsApp memiliki fitur yang memungkingkan memblokir otomatis panggilan dari nomor tidak dikenal secara otomatis. Adapun cara mengaktifkan fitur itu adalah sebagai berikut: Cara agar WA tidak bisa ditelepon tanpa diblokir yang berikutnya adalah dengan mengaktifkan mode DND atau Jangan Ganggu di HP. Mode DND dapat menghalau notifikasi dari kontak atau aplikasi di waktu tertentu. Saat mode ini aktif, notifikasi dari aplikasi atau kontak bakal tidak ditampilkan di layar HP sehingga pengguna bisa lebih tenang atau fokus menjalani waktu. Mode DND dapat membuat notifikasi telepon WhatsApp tidak muncul di layar HP. Kemudian, panggilan telepon WhatsApp juga bakal ditolak otomatis. Dengan fitur ini, pengguna tidak akan bisa ditelepon kontak lain di WA tanpa perlu memblokirnya. Adapun cara agar WA tidak bisa ditelepon tanpa diblokir dengan mengaktifkan DND adalah sebagai berikut: Cukup mudah bukan cara setting WA agar tidak bisa ditelepon tanpa diblokir? Dengan dua cara di atas, pengguna tak perlu repot memblokir seseorang agar tidak bisa melakukan panggilan telepon WhatsApp. Pengguna bisa dengan mudah membuat WA tidak bisa ditelepon tanpa diblokir. Demikianlah penjelasan mengenai cara agar WA tidak bisa ditelepon tanpa diblokir dengan mudah dan praktis, semoga bermanfaat.",2026-05-02 18:03:00,tekno,https://tekno.kompas.com/read/2026/05/02/18030067/aktifkan-fitur-ini-biar-whatsapp-tidak-bisa-ditelepon-tanpa-blokir-kontak,normalized_content,Kompas,,
AGN-TRAIN-000538,"Phelps, Thorpe Advance in 200 Freestyle","ATHENS, Greece - Michael Phelps took care of qualifying for the Olympic 200-meter freestyle semifinals Sunday, and then found out he had been added to the American team for the evening's 400 freestyle relay final. Phelps' rivals Ian Thorpe and Pieter van den Hoogenband and teammate Klete Keller were faster than the teenager in the 200 free preliminaries...",,,world,,normalized_title_description,AG News Train,1.0,train
AGN-TRAIN-001496,Housing Starts Rebound Sharply in July,"WASHINGTON (Reuters) - Housing starts rebounded sharply in July, making up almost all the ground lost in a June slump by posting their largest monthly percentage gain since September 2002, a report from the Commerce Department on Tuesday showed.",,,business,,normalized_title_description,AG News Train,3.0,train
AGN-TRAIN-001569,"Sharon Allows 1,000 More Settler Homes in West Bank","JERUSALEM (Reuters) - Prime Minister Ariel Sharon approved tenders to build 1,000 more Israeli settler homes in the occupied West Bank, plans that were shelved earlier to avoid discord with Washington, political sources said Tuesday.",,,world,,normalized_title_description,AG News Train,1.0,train
AGN-TRAIN-001618,Medical Examiner Finds No Injuries on Thanou-Source,"ATHENS (Reuters) - A medical examiner has found that Greek sprinter Katerina Thanou, who was in hospital with fellow athlete Costas Kenteris, had no injuries, a judicial source said on Tuesday.",,,sports,,normalized_title_description,AG News Train,2.0,train
AGN-TRAIN-001687,Microsoft readies Host Integration Server 2004,"In a continued effort to compete with IBM Corp. and its WebSphere offerings, Microsoft Corp. on Tuesday announced imminent availability of Host Integration Server 2004.",,,sci_tech,,normalized_title_description,AG News Train,4.0,train
AGN-TRAIN-001752,IBM adds four-way 550 server to new i5 product line,"IBM Corp. bolstered the new eServer i5 server lineup with the i5 550, a new system based on the Power 5 chip that can run multiple operating systems.",,,sci_tech,,normalized_title_description,AG News Train,4.0,train
AGN-TRAIN-001966,Blast in Gaza Home of Hamas Man Kills 4 - Medics,"GAZA (Reuters) - An explosion tore through the home of a senior Hamas militant in Gaza on Wednesday, killing at least four people and wounding him and about a dozen other Palestinians, medics said.",,,world,,normalized_title_description,AG News Train,1.0,train
AGN-TRAIN-002219,"Fall Season Looks Solid for Retailers, but Holidays Could Be Another Story","Against a background of lackluster retail sales in June and July, analysts and merchants still predict a decent, possibly strong, fall selling season for clothes, accessories and home furnishings.",,,business,,normalized_title_description,AG News Train,3.0,train
AGN-TRAIN-002271,NL Wrap: Walker Grand Slam Helps Cards Beat Reds Again,NEW YORK (Reuters) - Larry Walker hit a grand slam home run to key a six-run eighth inning as the Cardinals stayed hot with a 7-2 win over the Cincinnati Reds in St Louis on Tuesday.,,,sports,,normalized_title_description,AG News Train,2.0,train
AGN-TRAIN-002731,Rival Targets Apple's iTunes Customers (AP),"AP - For more than a year, Apple Computers Inc. enjoyed singular success selling songs exclusively to users of its iPod portable music player. Now, it's got rival RealNetworks Inc. trying to lure iTunes customers away.",,,sci_tech,,normalized_title_description,AG News Train,4.0,train
AGN-TRAIN-003387,Pakistan Mobile Phone Firms Vie for Pent-Up Demand,"ISLAMABAD (Reuters) - Tens of thousands of Pakistanis endured hours of stifling heat this week to accept an offer of free mobile phone connections, a sign of the pent-up demand in a country where cell phone usage has remained low.",,,sci_tech,,normalized_title_description,AG News Train,4.0,train
AGN-TRAIN-003551,AL Wrap: Santana Solid on Mound as Twins Beat Yankees,"NEW YORK (Reuters) - Johan Santana pitched seven strong innings to win his fifth straight start and Shannon Stewart homered, had three hits and two RBI to lead the Minnesota Twins to a 7-2 home win over the New York Yankees.",,,sports,,normalized_title_description,AG News Train,2.0,train
AGN-TRAIN-003950,Oil Sets Record as New Violence Flares in Iraq,"LONDON (Reuters) - Oil prices struck a fresh record on Thursday, spurred higher by renewed violence in Iraq and fresh evidence that strong demand growth in China and India has not been slowed yet by higher energy costs.",,,business,,normalized_title_description,AG News Train,3.0,train
AGN-TRAIN-003957,Doping Casts Shadow Over Olympics -- Again,"ATHENS (Reuters) - Five weightlifters were banned from the Olympics after failing drugs tests, officials said on Thursday, as doping scandals continued to dominate the first week of the Games.",,,sports,,normalized_title_description,AG News Train,2.0,train
AGN-TRAIN-004217,"Sony Unveils New Flat TVs, Aims to Boost Share",TOKYO (Reuters) - Electronics conglomerate Sony Corp. unveiled eight new flat-screen televisions on Thursday in a product push it hopes will help it secure a leading 35 percent of the domestic market in the key month of December.,,,sci_tech,,normalized_title_description,AG News Train,4.0,train
AGN-TRAIN-004406,"NL Wrap: Maddux, Sosa Help Cubs Beat Brewers",NEW YORK (Reuters) - Greg Maddux overcame a shaky start to post his 301st career win while Sammy Sosa hit his 566th career home run as the Chicago Cubs beat the Milwaukee Brewers 9-6 in Milwaukee Thursday.,,,sports,,normalized_title_description,AG News Train,2.0,train
AGN-TRAIN-004551,Google Up in Market Debut After Bumpy IPO,"NEW YORK/SEATTLE (Reuters) - Google Inc. shares jumped 18 percent in their long-awaited stock market debut on Thursday, after a scaled-down \$1.67 billion IPO marked by missteps and lackluster market conditions.",,,business,,normalized_title_description,AG News Train,3.0,train
AGN-TRAIN-004914,Oracle moves to monthly patching schedule,"Weeks after coming under criticism for sitting on patches for multiple holes in its database software, Oracle Corp. has announced that it is moving to a monthly patch release schedule.",,,sci_tech,,normalized_title_description,AG News Train,4.0,train
AGN-TRAIN-004955,Judge Maintains Peirsol Broke Rules,ATHENS (Reuters) - The swimming judge who disqualified gold medal winner Aaron Peirsol at the Athens Olympics is standing by his claim that the American backstroker broke the rules.,,,sports,,normalized_title_description,AG News Train,2.0,train
AGN-TRAIN-005057,Japan Court Ex-Chess Champ Fischer Can Be Deported,"TOKYO (Reuters) - A Tokyo court on Friday rejected a request by former world chess champion Bobby Fischer to have Japanese authorities halt procedures to deport him, Kyodo news agency reported.",,,world,,normalized_title_description,AG News Train,1.0,train
AGN-TRAIN-005109,Japan Court: Bobby Fischer Can Be Deported,"TOKYO (Reuters) - A Tokyo court on Friday rejected a request by former world chess champion Bobby Fischer to have the Japanese authorities halt procedures to deport him, his lawyer said.",,,world,,normalized_title_description,AG News Train,1.0,train
AGN-TRAIN-005161,Dollar Up Vs. Most Except Yen,"NEW YORK (Reuters) - The dollar rose against almost every one of its main counterparts except the yen on Friday, as technically focused investors shifted positions and considered the implications of spiking oil prices.",,,business,,normalized_title_description,AG News Train,3.0,train
AGN-TRAIN-005344,IRS: Rose Owes Nearly \$1M in Unpaid Taxes,"MIAMI - Pete Rose is back in trouble with the Internal Revenue Service, which says the baseball great owes nearly \$1 million in unpaid taxes. The IRS filed a federal tax lien in Broward County on Tuesday alleging that baseball's all-time hits king owes \$973,693.28 in back taxes from 1997 to 2002...",,,world,,normalized_title_description,AG News Train,1.0,train
AGN-TRAIN-005424,'Doom 3' Game Unlikely for Xbox This Year - id CEO,"NEW YORK (Reuters) - The Xbox version of ""Doom 3,"" the long-awaited PC video game recently released to wide acclaim, is not likely to be released in 2004 dealing a blow to enthusiastic game players who are anxiously awaiting it.",,,sci_tech,,normalized_title_description,AG News Train,4.0,train
AGN-TRAIN-005425,'Doom 3' Game Unlikely for Xbox This Year - id CEO (Reuters),"Reuters - The Xbox version of ""Doom 3,"" the\long-awaited PC video game recently released to wide acclaim,\is not likely to be released in 2004 dealing a blow to\enthusiastic game players who are anxiously awaiting it.",,,sci_tech,,normalized_title_description,AG News Train,4.0,train
AGN-TRAIN-005647,Mars Rover Finds Mysterious Rocks and More Signs of Water,"ith one Mars rover climbing into the hills and the other descending deep into a crater, scientists yesterday reported the discovery of several mysterious rock structures along with yet more signs that Mars was once awash in water.",,,sci_tech,,normalized_title_description,AG News Train,4.0,train
AGN-TRAIN-005651,Google #39;s ups and downs,"Google #39;s long-awaited public offering finally made it to the street, but the search is still on for Microsoft #39;s Windows update.",,,sci_tech,,normalized_title_description,AG News Train,4.0,train
AGN-TRAIN-005697,IE Flaw Affects Windows XP SP2 Systems,"The quot;highly criticial quot; vulnerability affects Internet Explorer 5.01, 5.5, and 6 on fully patched PCs running either Windows XP SP1 or the newer SP2.",,,sci_tech,,normalized_title_description,AG News Train,4.0,train
AGN-TRAIN-005699,Apple Recalls PowerBook Batteries,"Apple Computer this week launched a voluntary worldwide 15-inch PowerBook G4 battery exchange program to deal with 28,000 potentially faulty units.",,,sci_tech,,normalized_title_description,AG News Train,4.0,train
AGN-TRAIN-005796,Lindows halts stock release,Linux supplier Lindows has announced it has called a halt to the initial public offering of its common stock after filing for registration in April.,,,sci_tech,,normalized_title_description,AG News Train,4.0,train
AGN-TRAIN-005803,NASA prepares to catch a falling star sample,NASA #39;s three-year effort to bring some genuine star dust back to Earth is set for a dramatic finale Sept. 8 when Hollywood helicopter pilots will attempt a midair retrieval of a descending space capsule.,,,sci_tech,,normalized_title_description,AG News Train,4.0,train
AGN-TRAIN-005853,Brazil tribe prove words count,"When it comes to counting, a remote Amazonian tribespeople have been found to be lost for words. Researchers discovered the Piraha tribe of Brazil, with a population of 200, have no words beyond one, two and many.",,,sci_tech,,normalized_title_description,AG News Train,4.0,train
AGN-TRAIN-005877,Moveon.org subscriber-data leaked through search,Subscribers to Moveon.org #39;s mailing lists may have found their interest in the anti-Bush political site a matter of public record.,,,sci_tech,,normalized_title_description,AG News Train,4.0,train
AGN-TRAIN-005909,Airways pilots extend talks,"Pilots for US Airways are continuing to negotiate this weekend over the Arlington airline #39;s demand for a 16.5 percent pay cut, despite a warning from management that negotiations should have concluded yesterday.",,,business,,normalized_title_description,AG News Train,3.0,train
AGN-TRAIN-005960,Stunt pilots to hook falling stardust sample,"A piece of the Sun is set to fall to Earth and be captured by Hollywood stunt pilots in a tricky mid-air manoeuvre, NASA announced on Thursday.",,,sci_tech,,normalized_title_description,AG News Train,4.0,train
AGN-TRAIN-005983,US Airways asks pilots for 16.5 cut in pay,Struggling US Airways (UAIR) has asked its pilots to accept a 16.5 pay cut while giving them the chance to recoup some of the money by flying more.,,,business,,normalized_title_description,AG News Train,3.0,train
AGN-TRAIN-006077,Nortel Will Cut Workforce by 10 Percent,"TORONTO, Aug. 19 -- Nortel Networks Corp. said Thursday it will slash its workforce by 3,500, or 10 percent, as it struggles to recover from an accounting scandal that toppled three top executives and led to a criminal investigation and lawsuits.",,,business,,normalized_title_description,AG News Train,3.0,train
AGN-TRAIN-006110,RealNetworks Doesn #39;t Rock,"NEW YORK - It #39;s never a smart move to pick a public fight with Apple Computer, and it #39;s doubly unwise if that fight involves the iPod in some way.",,,sci_tech,,normalized_title_description,AG News Train,4.0,train
AGN-TRAIN-006240,AT amp;T strikes VoIP deals with cable,"In an attempt to spark growth in its Net phone service, AT amp;T has turned to cable companies to pitch the technology to more consumers.",,,sci_tech,,normalized_title_description,AG News Train,4.0,train
AGN-TRAIN-006381,EA game #39;Madden #39; tops 1.3 million first week,"quot;Madden NFL 2005, quot; the latest version of Electronic Arts #39; pro football video game franchise, sold more than 1.3 million copies in its first week of release, the company said Thursday, citing internal figures.",,,sci_tech,,normalized_title_description,AG News Train,4.0,train
AGN-TRAIN-006405,Peres demands early Israeli elections,"Israel #39;s opposition leader, Shimon Peres, today called for early elections that would effectively rule his party out of joining a coalition to prop up the prime minister, Ariel Sharon.",,,world,,normalized_title_description,AG News Train,1.0,train
AGN-TRAIN-006519,Stumbling over SP2,"People have Bill Gates all wrong. He doesn #39;t want to rule the world (or at least the computerized portion of it). And although he may secretly hope that all Linux source code spontaneously combusts, that isn #39;t his biggest wish.",,,sci_tech,,normalized_title_description,AG News Train,4.0,train
AGN-TRAIN-006771,Web sites agree to be accessible to blind,"In one of the first enforcement actions of the Americans with Disabilities Act on the Internet, two major travel services have agreed to make sites more accessible to the blind and visually impaired.",,,sci_tech,,normalized_title_description,AG News Train,4.0,train
AGN-TRAIN-007644,Toys R Us Posts Operating Loss,"NEW YORK (Reuters) - Toys R Us Inc. &lt;A HREF=""http://www.investor.reuters.com/FullQuote.aspx?ticker=TOY.N target=/stocks/quickinfo/fullquote""&gt;TOY.N&lt;/A&gt;, which is considering getting out of the toy business, on Monday posted a second-quarter operating loss on poor sales of video games and markdowns on older merchandise.",,,business,,normalized_title_description,AG News Train,3.0,train
AGN-TRAIN-007825,Flaws and a Delay for XP SP2,"Just one day after Microsoft delayed the delivery of its Windows XP Service Pack 2 (XP SP2) update for the Professional Edition, a German research firm announced the discovery of two security flaws in the application.",,,sci_tech,,normalized_title_description,AG News Train,4.0,train
AGN-TRAIN-008554,Iraq output rises; oil futures fall,"Oil futures fell yesterday after Iraq, the sixth-largest supplier to the United States, boosted shipments to tankers to normal rates for the first time in two weeks.",,,business,,normalized_title_description,AG News Train,3.0,train
AGN-TRAIN-009267,Fact and Comment (Forbes.com),"Forbes.com - The news from Iran is grim. This Islamic dictatorship--the biggest source of terrorist training and financing in the world and the nation that's doing all it can to stir up trouble in already combustible Iraq--is clearly on the cusp of becoming a nuclear power. The clerical fascists running the country have dropped just about all pretense of their atomic programs being energy-related only. Tehran announced in July that it had resumed making the centrifuges needed to produce highly enriched uranium, a key ingredient for nuclear bombs. ...",,,business,,normalized_title_description,AG News Train,3.0,train
AGN-TRAIN-011042,US Weekly Jobless Claims Rise,"The US Labor Department said Thursday the number of workers filing first-time applications for unemployment benefits rose by 10,000 last week.",,,business,,normalized_title_description,AG News Train,3.0,train
AGN-TRAIN-013108,Birgit Fischer Wins Second Medal in Kayak,"Birgit Fischer settled for silver, leaving the 42-year-old Olympian with two medals in two days against decidedly younger competition.",,,sports,,normalized_title_description,AG News Train,2.0,train
AGN-TRAIN-013480,Duke Welcomes Freshmen With New iPods (AP),"AP - Newly arrived Duke University freshmen got something considerably snazzier than the usual Blue Devils T-shirts and ball caps: Their goodie bags included a free iPod digital music player engraved with the school's crest and the words ""Class of 2008.""",,,sci_tech,,normalized_title_description,AG News Train,4.0,train
AGN-TRAIN-014805,Sharon to Present Gaza Timetable to Mutinous Party,JERUSALEM (Reuters) - Israeli Prime Minister Ariel Sharon intends to present a timetable for withdrawal from Gaza to lawmakers from his Likud Party Tuesday despite a mutiny in the right-wing bloc over the plan.,,,world,,normalized_title_description,AG News Train,1.0,train
AGN-TRAIN-023301,Ritter Family Files Wrongful Death Suit,"LOS ANGELES - The family of John Ritter has sued a Burbank hospital, accusing it of negligence in the death of the 54-year-old actor. Ritter's wife Amy Yasbeck and his four children, including actor Jason Ritter, filed the wrongful death suit in Los Angeles County Superior Court on Sept...",,,world,,normalized_title_description,AG News Train,1.0,train
AGN-TRAIN-024716,Notre Dame Upsets No. 8 Michigan,"SOUTH BEND, Indiana (Sports Network) - True freshman Darius Walker ran for 115 yards and a pair of fourth-quarter touchdowns, leading Notre Dame to a 28-20 victory over eighth-ranked Michigan at Notre Dame Stadium.",,,sports,,normalized_title_description,AG News Train,2.0,train
AGN-TRAIN-025956,Australians 'kidnapped' in Iraq,Australia is investigating reports that two of its citizens have been taken hostage by militants in Iraq.,,,world,,normalized_title_description,AG News Train,1.0,train
AGN-TRAIN-026455,IBM Triples Transistor Performance with Germanium,"IBM has successfully demonstrated a new technique for improving transistor performance that will help the company build smaller, more powerful chips in the next decade, company researchers said Monday.",,,sci_tech,,normalized_title_description,AG News Train,4.0,train
AGN-TRAIN-030388,Infineon to Pay a Fine in the Fixing of Chip Prices,Federal prosecutors cracked a global cartel that had illegally fixed prices of memory chips in personal computers and servers for three years.,,,sci_tech,,normalized_title_description,AG News Train,4.0,train
AGN-TRAIN-031358,Rangers Reliever Francisco Suspended for Season,NEW YORK (Sports Network) - Texas Rangers relief pitcher Frank Francisco was suspended for the rest of the 2004 season Friday by Major League Baseball after tossing a chair into the stands and hitting two fans in the head earlier this week.,,,sports,,normalized_title_description,AG News Train,2.0,train
AGN-TRAIN-032213,"Pouring It on, Yanks Cool Off Sox","With the offense rumbling and Jon Lieber in command, the Yankees walloped Boston at misty, wind-whipped Yankee Stadium.",,,sports,,normalized_title_description,AG News Train,2.0,train
AGN-TRAIN-035165,Revamped EMusic Targets Indie Market (AP),"AP - Nearly a year since it was sold by Vivendi Universal to private investors, online retailer eMusic has undergone a facelift that includes a panel of music critics to help users comb its trove of independent music.",,,sci_tech,,normalized_title_description,AG News Train,4.0,train
AGN-TRAIN-037375,"Blue Chips Drop, Oil Reaches \$49 a Barrel",NEW YORK (Reuters) - U.S. blue-chip stocks fell on Thursday and crude oil prices touched \$49 a barrel as traders saw a possible oil loan from U.S. government reserves as too small to make up for supply disruptions caused by Hurricane Ivan.,,,business,,normalized_title_description,AG News Train,3.0,train
AGN-TRAIN-037506,Ireland cracks down on Internet fraud,Ireland has become the first country on earth to cut off direct-dialed calls to entire nations in a bid to crack down on Internet-based fraud.,,,sci_tech,,normalized_title_description,AG News Train,4.0,train
AGN-TRAIN-038059,Bank of America bases unit in Hub,Bank of America Corp. confirmed yesterday it will locate its wealth management division in Boston and said it will move about 100 high-level jobs here.,,,business,,normalized_title_description,AG News Train,3.0,train
AGN-TRAIN-039719,al-Qaida Aims to Disrupt Afghan Elections,"KABUL, Afghanistan - U.S.-led forces trying to protect landmark Afghan elections face a rising wave of violence from about 2,000 insurgents, including al-Qaida militants slipping in from Pakistan, an American general said Saturday. In the latest bloodshed, Afghan police said suspected Taliban gunmen killed nine militia soldiers in two attacks on checkpoints in a troubled southern province...",,,world,,normalized_title_description,AG News Train,1.0,train
AGN-TRAIN-041860,Time Warner and Comcast Discuss Bid for Adelphia,"Comcast said it was in talks with Time Warner to make a joint bid for Adelphia, which has been operating under bankruptcy protection.",,,business,,normalized_title_description,AG News Train,3.0,train
AGN-TRAIN-043232,'American Taliban' Seeks Commuted Sentence,"SAN FRANCISCO - John Walker Lindh asked President Bush on Tuesday to commute his 20-year prison sentence for aiding the Taliban. His lawyer, James Brosnahan, said that Lindh was fighting alongside the Taliban in a civil war against the Northern Alliance, that he is not a terrorist and that he never fought against U.S...",,,world,,normalized_title_description,AG News Train,1.0,train
AGN-TRAIN-043712,World bank urges poor countries to improve investment climates,"The World Bank wants the governments of poor countries to do more to improve their investment climates, action it described as central to economic growth and poverty reduction.",,,business,,normalized_title_description,AG News Train,3.0,train
AGN-TRAIN-043896,Official: MLB to Move Expos to Washington,"WASHINGTON - Richard Nixon was president and man was still making trips to the moon the last time the word ""Washington"" appeared in the major league baseball standings. On Opening Day, April 4, 2005, look for the nation's capital to return...",,,world,,normalized_title_description,AG News Train,1.0,train
AGN-TRAIN-044638,Agere Adjusts For Soft Demand,"Facing soft demand from major customers, semiconductor and software specialist Agere Systems said it will lay off 500 people and close three facilities to cut costs.",,,sci_tech,,normalized_title_description,AG News Train,4.0,train
AGN-TRAIN-044948,Justice Dept. Opens Fannie Criminal Probe,"NEW YORK (Reuters) - The Justice Department has opened an investigation of possible accounting fraud at Fannie Mae, The Wall Street Journal reported on Thursday, after a federal regulator said the mortgage giant may have manipulated its earnings targets.",,,business,,normalized_title_description,AG News Train,3.0,train
AGN-TRAIN-045745,AT amp;T cuts Internet phone service prices,"AT amp;T Corp. is trimming the price of its new Internet-based telephone service for the second time in six months, prompting a top rival to follow suit.",,,sci_tech,,normalized_title_description,AG News Train,4.0,train
AGN-TRAIN-046770,Microsoft tests MSN Messenger 7.0,"A select group of testers next week will get an early look at MSN Messenger 7.0, the next version of Microsoft #39;s popular instant messaging client.",,,sci_tech,,normalized_title_description,AG News Train,4.0,train
AGN-TRAIN-047842,Brock Berlin Guides Miami (Fla.) Past Georgia Tech,ATLANTA (Sports Network) - Brock Berlin threw a career-high three touchdown passes to lead No. 4 Miami-Florida to an easy 27-3 win over Georgia Tech in ACC action at Bobby Dodd Stadium.,,,sports,,normalized_title_description,AG News Train,2.0,train
AGN-TRAIN-048231,SanDisk flashes new memory cards,"SanDisk this week announced a series of CF (CompactFlash) cards that double the read and write speeds of its fastest flash cards available today, as well as an 8GB version of its Ultra II CF Type 1 flash memory card.",,,sci_tech,,normalized_title_description,AG News Train,4.0,train
AGN-TRAIN-049351,Supreme Court Sidesteps Credit Card Dispute,MasterCard and Visa no longer can block banks from issuing credit cards from competitors after the Supreme Court declined to hear their appeal Monday.,,,business,,normalized_title_description,AG News Train,3.0,train
AGN-TRAIN-050730,Earnhardt Bounced from Top Spot in NASCAR Standings,"DAYTONA BEACH, Florida (Sports Network) - NASCAR driver Dale Earnhardt Jr. has been fined \$10,000 for cursing during a TV interview following his win at Talladega Superspeedway.",,,sports,,normalized_title_description,AG News Train,2.0,train
AGN-TRAIN-051599,Earnhardt fined for checkered language,"Dale Earnhardt Jr. cursed on a nationally televised NASCAR broadcast on Sunday, and it cost him the lead in a close race for the Nextel Cup drivers championship.",,,sports,,normalized_title_description,AG News Train,2.0,train
AGN-TRAIN-053306,"Finally, A Boeing-Airbus Showdown",The European Jetmaker Has Long Skirted Subsidy Rules. Now Washington #39;s WTO Complaint Will Drag That Abuse Into The Light Of Day.,,,business,,normalized_title_description,AG News Train,3.0,train
AGN-TRAIN-053904,Furcal Shows No Leniency for Astros,"Rafael Furcal could be in jail. Instead, he was at Turner Field on Thursday sparking an Atlanta Braves team desperate to avoid another October meltdown.",,,sports,,normalized_title_description,AG News Train,2.0,train
AGN-TRAIN-060108,Smaller Can Be Better (Except When It's Not),Stores are stocked with an abundance of featherweight gadgets. But some of these tiny gadgets raise a new question: How small is too small?,,,sci_tech,,normalized_title_description,AG News Train,4.0,train
AGN-TRAIN-061450,'e-Junk' Recycling Still in Its Infancy (AP),"AP - When Office Depot, Inc. stores ran an electronics recycling drive last summer that accepted everything from cell phones to televisions, some stores were overwhelmed by the amount of e-trash they received.",,,sci_tech,,normalized_title_description,AG News Train,4.0,train
AGN-TRAIN-062519,What if a Sales Tax Were the Only Tax?,"Does replacing personal income and payroll taxes with a national sales tax, an idea President Bush has shown interest in, help the U.S. tax system?",,,business,,normalized_title_description,AG News Train,3.0,train
AGN-TRAIN-062903,Relentless Els Seals Record Sixth Match Play Title,"VIRGINIA WATER, England (Reuters) - Ernie Els beat Lee Westwood 2 1 in a gripping final at Wentworth Sunday to win a record sixth World Match Play Championship and claim the biggest first Prize in golf.",,,sports,,normalized_title_description,AG News Train,2.0,train
AGN-TRAIN-063330,Do Good! Win a Prize!,"While Nobel Prizes are given for past performance, other types of inducement prizes are intended to spur innovation. Do they do the job?",,,sci_tech,,normalized_title_description,AG News Train,4.0,train
AGN-TRAIN-063737,"Kmart appoints Lewis new CEO, president","The retailing company Kmart Holding Corp. has appointed Aylwin Lewis, formerly an executive at the restaurant operator Yum Brands Inc.",,,business,,normalized_title_description,AG News Train,3.0,train
AGN-TRAIN-065383,MOURINHO CONFIDENT OVER STRIKE DUO,Jose Mourinho believes he has enough firepower in Eidur Gudjohnsen and Mateja Kezman to see off the challenge of CSKA Moscow in the Champions League at Stamford Bridge.,,,sports,,normalized_title_description,AG News Train,2.0,train
AGN-TRAIN-068709,Review: Local PC Search Not Perfect (AP),"AP - If you want to find a needle of information in the seemingly endless haystack that is the Web, just punch a few words into your favorite Internet search engine. But if you want to pull up a file from your PC's hard drive, good luck.",,,sci_tech,,normalized_title_description,AG News Train,4.0,train
AGN-TRAIN-069883,Scientists: New Planets May Take Longer,It may take much longer than scientists have thought for violent turbulence to turn grains of space dust into new planets. A NASA telescope recently discovered evidence that,,,sci_tech,,normalized_title_description,AG News Train,4.0,train
AGN-TRAIN-069884,NASA says switches may have caused Genesis crash,"Problems with switches aboard NASA #39;s Genesis solar probe may have kept its parachute from opening, which led to the craft #39;s crash-landing in the Utah desert, the US space agency said.",,,sci_tech,,normalized_title_description,AG News Train,4.0,train
AGN-TRAIN-069906,Ohio State Routs Indiana,"COLUMBUS, Ohio (Sports Network) - Troy Smith threw for 161 yards and two touchdowns, leading the Ohio State Buckeyes to a commanding 30-7 victory over the Indiana Hoosiers in Big Ten action from Ohio Stadium.",,,sports,,normalized_title_description,AG News Train,2.0,train
AGN-TRAIN-071444,Ancient baby bird fossil found in China,"The fossil of what may be one of the earliest baby birds has been found in northeast China. The fossil, estimated at 121 million years old, is curled up as though still in its shell.",,,sci_tech,,normalized_title_description,AG News Train,4.0,train
AGN-TRAIN-071815,'Grand Theft Auto' Seen Breaking Games Sales Record,"NEW YORK (Reuters) - When the violent video game ""Grand Theft Auto: San Andreas"" hits stores on Tuesday, its sales could eclipse Hollywood's most successful films, even as it draws the ire of critics.",,,sci_tech,,normalized_title_description,AG News Train,4.0,train
AGN-TRAIN-072110,"John Deere, iRobot Team Up to Make Robot (AP)","AP - In a trailblazing pairing of robotics and tractor companies, iRobot and John Deere announced plans Monday to build a 9-foot-long semi-autonomous battlefield vehicle.",,,sci_tech,,normalized_title_description,AG News Train,4.0,train
AGN-TRAIN-072255,New Crop of Portable Players Nips at iPod (AP),"AP - Lauren, 11, saunters nonchalantly past a Discovery Channel store and a Gymboree clothing store at the mall. Then suddenly, the girl's eyes light up and she pulls her mother into an Apple Computer Inc. retail shop.",,,sci_tech,,normalized_title_description,AG News Train,4.0,train
AGN-TRAIN-073022,Fish Beats Hernych at St. Petersburg,"Olympic silver medalist Mardy Fish beat Jan Hernych of the Czech Republic 6-2, 6-4 Monday to reach the second round of the St. Petersburg Open.",,,sports,,normalized_title_description,AG News Train,2.0,train
AGN-TRAIN-073601,PluggedIn: the OQO Is Not Just Another Handheld Device,"SAN FRANCISCO (Reuters) - A full-fledged Windows XP computer that's a fraction of the size of a laptop seems like the answer to the digerati's prayers, but the praise greeting the OQO Model 01 has been decidedly muted.",,,sci_tech,,normalized_title_description,AG News Train,4.0,train
AGN-TRAIN-073972,Lockheed Martin Profit Jumps 41 in Quarter,Lockheed Martin Corp. yesterday reported a 41 percent increase in profit during its third quarter as fighter jet and information technology demand continued to drive growth.,,,business,,normalized_title_description,AG News Train,3.0,train
AGN-TRAIN-075197,Review: a Flat Panel That's Also Deep (AP),"AP - Three-dimensional movies at home, without the silly glasses, have been a science-fiction dream for at least as long as Dick Tracy's wristwatch cell phone and the household robot.",,,sci_tech,,normalized_title_description,AG News Train,4.0,train
AGN-TRAIN-076999,AGASSI ADVANCES,Andre Agassi advanced to the quarter-finals of the Stockholm Open with a comfortable 6-3 6-4 victory over 1997 champion Jonas Bjorkman of Sweden.,,,sports,,normalized_title_description,AG News Train,2.0,train
AGN-TRAIN-078597,Voters Checking Out Other Sides #39; Sites,Are right-leaning voters spending all their online time on Rushlimbaugh.com? Are left-leaning voters locked into the like-minded Talkingpointsmemo.,,,sci_tech,,normalized_title_description,AG News Train,4.0,train
AGN-TRAIN-079606,Study: Firefox still gaining on Internet Explorer,"Alternative Web browsers Mozilla and Firefox experienced another month of growth at the expense of Microsoft #39;s dominant Internet Explorer, according to an online study.",,,sci_tech,,normalized_title_description,AG News Train,4.0,train
AGN-TRAIN-081758,Scientists close in on source of cosmic rays,An international team of astronomers believe they have solved a mystery that has been perplexing scientists for 100 years -- the origin of cosmic rays.,,,sci_tech,,normalized_title_description,AG News Train,4.0,train
AGN-TRAIN-082406,Munch Museum to stay closed well into 2005,Oslo #39;s Munch Museum could remain closed until June 2005 while officials upgrade its security system following a brazen daylight robbery in August of two Edvard Munch masterpieces.,,,sci_tech,,normalized_title_description,AG News Train,4.0,train
AGN-TRAIN-083434,Fifth-Ranked Wisconsin Beats Minnesota,"MADISON, Wisconsin (Sports Network) - John Stocco ran for two touchdowns and threw for another score to lead fifth-ranked Wisconsin to a 38-14 win over Minnesota in the Big Ten Conference at Camp Randall Stadium.",,,sports,,normalized_title_description,AG News Train,2.0,train
AGN-TRAIN-084756,8 EBay Sellers Admit to Phony Bids (AP),"AP - Eight eBay sellers were ordered to pay nearly #36;90,000 in restitution and fines after admitting they bid up products online to inflate the prices.",,,sci_tech,,normalized_title_description,AG News Train,4.0,train
AGN-TRAIN-085356,NBA Wrap: Mavericks Come Back to Beat Golden State,DALLAS (Sports Network) - Dirk Nowitzki scored 25 points and grabbed 10 rebounds as the Dallas Mavericks overcame an early 17-point deficit for a 101-98 overtime victory against Golden State at American Airlines Center.,,,sports,,normalized_title_description,AG News Train,2.0,train
AGN-TRAIN-087770,Thousands in Kashmir Protest Alleged Rape,Police in Kashmir fired tear gas and used batons Wednesday to disperse thousands of people protesting the alleged rape of a woman and her daughter by soldiers.,,,world,,normalized_title_description,AG News Train,1.0,train
AGN-TRAIN-089616,"Registers ring, stores are listening","Consumers shrugged off rising energy costs and kept spending in October, boosting retail sales and supporting forecasts of a solid holiday season ahead for retailers.",,,business,,normalized_title_description,AG News Train,3.0,train
AGN-TRAIN-089667,"Vote Fraud Theories, Spread by Blogs, Are Quickly Buried","Some Web logs were swift to provide dark theories about the presidential election, but others were just as quick to debunk them.",,,sci_tech,,normalized_title_description,AG News Train,4.0,train
AGN-TRAIN-089884,US to build wireless network for future warfare (AFP),"AFP - The Pentagon, which invented the precursor to the internet 40 years ago, has laid the first connections for a secure, wireless information network that proponents say will fundamentally transform warfare, a US newspaper reported.",,,sci_tech,,normalized_title_description,AG News Train,4.0,train
AGN-TRAIN-091123,Top-Ranked USC Beats UCLA to Finished Season Undefeated,"LOS ANGELES (Sports Network) - Reggie Bush ran for 204 yards and a pair of long touchdowns as No. 1 Southern California edged UCLA, 29-24, in a regular season-ending Pac-10 showdown between cross-town rivals at the Rose Bowl.",,,sports,,normalized_title_description,AG News Train,2.0,train
AGN-TRAIN-093256,GM to Close Van Factory In Baltimore,"General Motors Corp. said yesterday that it will shut its 70-year-old van factory in southeast Baltimore next year, confirming a closure that some 1,100 workers have long expected but that state officials had hoped to stave off.",,,business,,normalized_title_description,AG News Train,3.0,train
AGN-TRAIN-094518,"Dulles, BWI Consider Security Shift",Officials at Dulles International and Baltimore-Washington International airports said they are considering the replacement of federal airport screeners at security checkpoints with workers employed by private contractors.,,,business,,normalized_title_description,AG News Train,3.0,train
AGN-TRAIN-094647,eBay Agrees to Limit Racial Slurs on Auction Site (Reuters),Reuters - Internet auction house eBay Inc.\said on Wednesday it would limit the use of racial slurs after\U.S. city officials complained the offensive terms were being\used to advertise lawn jockeys and other antiques.,,,sci_tech,,normalized_title_description,AG News Train,4.0,train
AGN-TRAIN-095226,Duffield: Oracle's skewing facts on stock sales,"PeopleSoft's CEO fires back at rival, saying it's wrong about his stock transactions. Both companies scramble ahead of Friday deadline.",,,sci_tech,,normalized_title_description,AG News Train,4.0,train
AGN-TRAIN-096472,Let the Handheld Games Begin,It #39;s the fight computer gamers have been waiting for. But the latest duel between wise old master Nintendo and challenger Sony is not taking place on a TV screen.,,,sci_tech,,normalized_title_description,AG News Train,4.0,train
AGN-TRAIN-102091,Chicago to Sell City-Related Items on EBay (AP),"AP - City officials hope there are people willing to pay plenty of money to own a vintage Playboy Bunny costume, toss green dye into the Chicago River or throw a dinner party prepared by Oprah Winfrey's chef.",,,sci_tech,,normalized_title_description,AG News Train,4.0,train
AGN-TRAIN-102804,Researchers develop 3-D phone technology,"TOKYO - It #39;s an idea that was popularized by Princess Leia #39;s plea for help in Star Wars: sending a 3-D hologram. Now, two Japanese scientists have developed technology they hope will one day turn the humble",,,sci_tech,,normalized_title_description,AG News Train,4.0,train
AGN-TRAIN-103593,Product Review: MSN's WebTV Grows Up (AP),"AP - During the dot-com boom, people who didn't want to miss out on the Web and e-mail craze but didn't want to buy a real computer could get WebTV, which delivered the Internet through the warm, friendly glow of their TV sets.",,,sci_tech,,normalized_title_description,AG News Train,4.0,train
AGN-TRAIN-104812,"College Basketball: Kansas, Oklahoma State Win","LAWRENCE, Kan. (Sports Network) - Wayne Simien scored 14 points with 10 rebounds to lead No. 2 Kansas over Nevada, 85-52, at Allen Fieldhouse.",,,sports,,normalized_title_description,AG News Train,2.0,train
AGN-TRAIN-105683,US Upholds Tariffs on Shrimp Imports,"The Bush administration on Tuesday upheld the imposition of penalty tariffs on shrimp imports from China and Vietnam, handing a victory to beleaguered US shrimp producers.",,,business,,normalized_title_description,AG News Train,3.0,train
AGN-TRAIN-107523,3 Former Kmart Execs Charged with Fraud,WASHINGTON (Reuters) - Three former Kmart executives and representatives of several major vendors were charged on Thursday with fraudulently accounting for \$24 million of profit before the retailer filed for bankruptcy in 2002.,,,business,,normalized_title_description,AG News Train,3.0,train
AGN-TRAIN-107600,Apple Launches iTunes Music Store in Canada,"SAN FRANCISCO (Reuters) - Apple Computer Inc. on Thursday launched its iTunes online music store in Canada, the 14th country in which the popular service is available.",,,sci_tech,,normalized_title_description,AG News Train,4.0,train
AGN-TRAIN-109018,Boeing Changes Management in Key Division,"Boeing Co. changed management of its commercial aircraft division yesterday, replacing the head of the sales team after losing several competitions to its European rival Airbus SAS.",,,business,,normalized_title_description,AG News Train,3.0,train
AGN-TRAIN-111630,EU Wants to Make Internet Safe for Children,The European Union has launched a 45 million euro (\$60 million) plan to protect children from pornography and racist sites when they surf the Internet.,,,sci_tech,,normalized_title_description,AG News Train,4.0,train
AGN-TRAIN-112284,Microsoft Helps in Bogus Degrees Case,"Some sleuthing by software giant Microsoft Corp. helped track down two brothers who authorities say sold bogus college degrees over the Internet, including an MBA that was issued to a housecat.",,,sci_tech,,normalized_title_description,AG News Train,4.0,train
AGN-TRAIN-114941,Photo: XM's portable satellite radio,XM Satellite Radio Holdings introduced a handheld portable version of its satellite radio.,,,sci_tech,,normalized_title_description,AG News Train,4.0,train
AGN-TRAIN-118642,NASA spacecraft tracks global air pollution,"A NASA spacecraft has begun the first-ever daily tracking of how air pollution moves across the globe, a scientist at NASA #39;s Jet Propulsion Laboratory said on Wednesday.",,,sci_tech,,normalized_title_description,AG News Train,4.0,train
AGN-TRAIN-118680,"US Airways, Flight Attendants Closer to Deal","The lead negotiators for US Airways flight attendants reached a tentative agreement on a new contract that will save the carrier about \$94 million a year, officials from both sides said yesterday.",,,business,,normalized_title_description,AG News Train,3.0,train
AGN-TRAIN-119221,Lilly Warns Doctors on Strattera Use,The drug maker Eli Lilly amp; Co. said Friday it is warning doctors to stop using its attention deficit disorder drug Strattera in patients with jaundice or laboratory evidence of liver injury.,,,business,,normalized_title_description,AG News Train,3.0,train
AGN-TEST-001127,It #39,,,,sports,,normalized_title_description,AG News Test,2.0,test
AGN-TEST-002020,#39,,,,sports,,normalized_title_description,AG News Test,2.0,test
AGN-TEST-002175,Iraq #39,,,,world,,normalized_title_description,AG News Test,1.0,test
AGN-TEST-002390,#39,,,,sci_tech,,normalized_title_description,AG News Test,4.0,test
AGN-TEST-002545,It #39,,,,sports,,normalized_title_description,AG News Test,2.0,test
AGN-TEST-002727,Microsoft #39,,,,sci_tech,,normalized_title_description,AG News Test,4.0,test
AGN-TEST-003140,#39,,,,sci_tech,,normalized_title_description,AG News Test,4.0,test
AGN-TEST-003180,Japan #39,,,,sports,,normalized_title_description,AG News Test,2.0,test
AGN-TEST-003265,Iraq #39,,,,world,,normalized_title_description,AG News Test,1.0,test
AGN-TEST-003322,#39,,,,sports,,normalized_title_description,AG News Test,2.0,test
AGN-TEST-003387,AT amp,,,,sci_tech,,normalized_title_description,AG News Test,4.0,test
AGN-TEST-003501,Cambodia #39,,,,world,,normalized_title_description,AG News Test,1.0,test
AGN-TEST-003563,Oracle #39,,,,business,,normalized_title_description,AG News Test,3.0,test
AGN-TEST-003598,#39,,,,business,,normalized_title_description,AG News Test,3.0,test
AGN-TEST-003631,Johnson amp,,,,business,,normalized_title_description,AG News Test,3.0,test
AGN-TEST-003688,McDonald #39,,,,business,,normalized_title_description,AG News Test,3.0,test
AGN-TEST-003855,#39,,,,business,,normalized_title_description,AG News Test,3.0,test
AGN-TEST-003857,IBM #39,,,,sci_tech,,normalized_title_description,AG News Test,4.0,test
AGN-TEST-003867,Jimenez ends Langer #39,,,,sports,,normalized_title_description,AG News Test,2.0,test
AGN-TEST-003871,It #39,,,,sports,,normalized_title_description,AG News Test,2.0,test
AGN-TEST-004072,S amp,,,,business,,normalized_title_description,AG News Test,3.0,test
AGN-TEST-004201,#39,,,,sports,,normalized_title_description,AG News Test,2.0,test
AGN-TEST-004204,AT amp,,,,business,,normalized_title_description,AG News Test,3.0,test
AGN-TEST-004232,Cisco #39,,,,sci_tech,,normalized_title_description,AG News Test,4.0,test
AGN-TEST-004247,World #39,,,,sci_tech,,normalized_title_description,AG News Test,4.0,test
AGN-TEST-004570,Oracle #39,,,,business,,normalized_title_description,AG News Test,3.0,test
AGN-TEST-004822,S amp,,,,business,,normalized_title_description,AG News Test,3.0,test
AGN-TEST-004831,Cambodia #39,,,,world,,normalized_title_description,AG News Test,1.0,test
AGN-TEST-004838,#39,,,,world,,normalized_title_description,AG News Test,1.0,test
AGN-TEST-004871,It #39,,,,sports,,normalized_title_description,AG News Test,2.0,test
AGN-TEST-004943,Oracle #39,,,,business,,normalized_title_description,AG News Test,3.0,test
AGN-TEST-005025,Arafat #39,,,,world,,normalized_title_description,AG News Test,1.0,test
AGN-TEST-005152,Microsoft amp,,,,sci_tech,,normalized_title_description,AG News Test,4.0,test
AGN-TEST-005192,Arafat #39,,,,world,,normalized_title_description,AG News Test,1.0,test
AGN-TEST-005254,#39,,,,business,,normalized_title_description,AG News Test,3.0,test
AGN-TEST-005277,IBM #39,,,,sci_tech,,normalized_title_description,AG News Test,4.0,test
AGN-TEST-005280,IBM #39,,,,sci_tech,,normalized_title_description,AG News Test,4.0,test
AGN-TEST-005290,#39,,,,sci_tech,,normalized_title_description,AG News Test,4.0,test
AGN-TEST-005347,Fed #39,,,,business,,normalized_title_description,AG News Test,3.0,test
AGN-TEST-005494,Arafat #39,,,,world,,normalized_title_description,AG News Test,1.0,test
AGN-TEST-005515,#39,,,,sci_tech,,normalized_title_description,AG News Test,4.0,test
AGN-TEST-005527,#39,,,,sports,,normalized_title_description,AG News Test,2.0,test
AGN-TEST-005725,Lowe #39,,,,business,,normalized_title_description,AG News Test,3.0,test
AGN-TEST-005753,S amp,,,,business,,normalized_title_description,AG News Test,3.0,test
AGN-TEST-005871,Microsoft #39,,,,sci_tech,,normalized_title_description,AG News Test,4.0,test
AGN-TEST-006196,Arafat #39,,,,world,,normalized_title_description,AG News Test,1.0,test
AGN-TEST-006236,McDonald #39,,,,business,,normalized_title_description,AG News Test,3.0,test
AGN-TEST-006286,#39,,,,world,,normalized_title_description,AG News Test,1.0,test
AGN-TEST-006386,Iran #39,,,,world,,normalized_title_description,AG News Test,1.0,test
AGN-TEST-006458,#39,,,,sci_tech,,normalized_title_description,AG News Test,4.0,test
AGN-TEST-006466,#39,,,,business,,normalized_title_description,AG News Test,3.0,test
AGN-TEST-006503,France #39,,,,world,,normalized_title_description,AG News Test,1.0,test
AGN-TEST-006558,#39,,,,sci_tech,,normalized_title_description,AG News Test,4.0,test
AGN-TEST-006644,#39,,,,sci_tech,,normalized_title_description,AG News Test,4.0,test
AGN-TEST-006727,#39,,,,sci_tech,,normalized_title_description,AG News Test,4.0,test
AGN-TEST-006978,#39,,,,world,,normalized_title_description,AG News Test,1.0,test
AGN-TEST-007104,Arafat #39,,,,world,,normalized_title_description,AG News Test,1.0,test
AGN-TEST-007179,Saddam #39,,,,world,,normalized_title_description,AG News Test,1.0,test
AGN-TEST-007186,UK #39,,,,business,,normalized_title_description,AG News Test,3.0,test
AGN-TEST-007269,Saddam #39,,,,world,,normalized_title_description,AG News Test,1.0,test
AGN-TEST-007389,Apple #39,,,,sci_tech,,normalized_title_description,AG News Test,4.0,test
AGN-TEST-007498,NASA #39,,,,sci_tech,,normalized_title_description,AG News Test,4.0,test
